,ObjectID,FIRST_ROUND,XWIN_WORLD,YWIN_WORLD,LAST_ROUND,NALT,MAXSCORE
0,A202208212131322p051250,3,322.8843365773185,5.213951686620682,4,2,0.75
1,A202208212129130p052010,3,322.3045285227631,5.336317448374507,4,3,0.917
2,A202208212128434p063218,3,322.1810645811803,6.538377338224499,4,4,0.845
3,A202208152115088p050413,2,318.7866960808114,5.070446264087089,4,7,0.996
4,A202208212107406p050529,3,316.9195224985267,5.091445354705394,4,2,0.886
5,A202208212116564p053623,3,319.23511513303305,5.606418602010476,4,5,0.974
6,A202208292131267p042517,4,322.86134304704706,4.42151163726596,4,2,0.831
7,A202208212113305p041757,3,318.37732560302,4.299222583388194,4,4,0.869
8,T202208212108437p051750,3,317.18229307016986,5.297349001602871,4,3,0.917
9,A202208292352088p000636,4,358.0366828292263,0.1100282922360483,4,2,0.79
10,T202208212111320p052119,3,317.8836702567651,5.355453043604956,4,2,0.897
11,A202208292345141p000338,4,356.30896766973456,0.0605914058763179,4,2,0.871
12,A202208212113176p040819,3,318.3233612322394,4.138802329880392,4,4,0.883
13,A202208212126436p045134,3,321.68169616090114,4.859489131786502,4,5,0.965
14,A202208212109415p044156,3,317.42303459428183,4.698990548499708,4,8,0.785
15,A202208212107339p045831,3,316.89156432211365,4.975520390759614,4,3,0.829
16,A202208152109423p072243,2,317.42665187551887,7.37882586787693,4,7,0.976
17,A202208152124145p054322,2,321.0604275958831,5.723022442797673,4,11,0.93
18,T202208212109045p064822,3,317.26877400770945,6.806273765669583,4,3,0.926
19,A202208082133539p050341,0,323.47460339677025,5.061399041381146,4,9,0.97
20,A202208212107585p054629,3,316.9941292649404,5.774734639421416,4,3,0.915
21,A202208292112351p045702,4,318.1465626282963,4.950762646440716,4,3,0.835
22,A202208152109208p042206,2,317.33692919753724,4.368395446166968,4,11,0.907
23,A202208152114336p055244,2,318.64007317669376,5.8790708829107565,4,9,0.999
24,A202208212120056p064946,3,320.02370752436246,6.829618209999221,4,4,0.954
25,A202208212115147p043202,3,318.81157365018004,4.534074200088612,4,4,0.728
26,T202208212117515p042210,3,319.4648703506726,4.369520857593072,4,4,0.865
27,T202208292241025m000254,4,340.2605215566847,-0.0485506302595248,4,2,0.827
28,A202208212120044p044759,3,320.0187113536512,4.799818991433482,4,3,0.829
29,A202208292311111p002434,4,347.79636407217384,0.4096579795342082,4,2,0.835
30,A202208152108308p055409,2,317.1286990899253,5.902745618164089,4,4,0.935
31,A202208292241424m001321,4,340.4267929096052,-0.2226918498115332,4,2,0.847
32,A202208212112545p061824,3,318.22747950937736,6.306713770574177,4,6,0.917
33,A202208212112547p045216,3,318.2280138130674,4.871163351433625,4,3,0.763
34,A202208212130587p042122,3,322.7448754324037,4.3561500511235485,4,3,0.858
35,A202208212112109p060037,3,318.0457339719567,6.010296059275223,4,8,0.856
36,T202208292226223m003127,4,336.5932578812669,-0.5244283512694488,4,2,0.962
37,A202208212129351p041751,3,322.39625895981595,4.297699806915335,4,3,0.76
38,A202208212130340p041333,3,322.64168494196235,4.225920457215853,4,4,0.733
39,A202208152107014p041648,2,316.7559716567502,4.28018065185601,4,6,0.908
40,A202208292243525p002619,4,340.9688445118149,0.4387745741094318,4,2,0.876
41,A202208212110441p063959,3,317.68392916625714,6.6664949881150575,4,6,0.76
42,A202208292254479m002620,4,343.69999262821705,-0.4390555938608388,4,2,0.762
43,T202208292221374m001126,4,335.4062192128632,-0.1906842386811862,4,3,0.969
44,A202208082134334p042726,0,323.63928325705945,4.45724200800131,4,10,1.0
45,A202208152130508p063032,2,322.7120328695039,6.5091161029227,4,12,0.998
46,A202208292222419p002518,4,335.6748039332573,0.4217488698400432,4,3,0.987
47,A202208212104342p044333,3,316.1426355876163,4.7259930962481045,4,3,0.782
48,A202208212109023p041842,3,317.2596618826019,4.311746583383304,4,2,0.936
49,A202208212118443p050351,3,319.68470443141587,5.064317282127711,4,4,0.774
50,A202208292324419m004122,4,351.1748202079024,-0.6895998276379508,4,2,0.919
51,A202208152130566p035101,2,322.73599465194417,3.850514989208308,4,5,0.966
52,A202208212128437p063807,3,322.1824210659153,6.635371407219502,4,4,0.922
53,T202208292222027p003257,4,335.5113407618786,0.549270215139782,4,3,0.91
54,A202208082106241p061947,0,316.60057510310946,6.329956762589682,4,9,0.963
55,T202208212124105p054944,3,321.0439193821478,5.828919545010497,4,3,0.863
56,A202208212115092p061830,3,318.7886044771587,6.30838421202994,4,3,0.78
57,A202208212115441p042304,3,318.9338989024311,4.384575279656403,4,7,0.94
58,T202208292259237m004651,4,344.84890300459585,-0.7808473618476548,4,3,0.917
59,A202208152129220p070605,2,322.3419639435596,7.101539850827431,4,7,0.915
60,T202208212130280p050152,3,322.61697922848003,5.031323977425208,4,4,0.828
61,A202208212106159p052217,3,316.56637790595545,5.371515765913324,4,2,0.756
62,T202208212131486p043442,3,322.952711319023,4.578601240996591,4,5,0.929
63,A202208212119279p054132,3,319.86635289165457,5.692398673387737,4,3,0.831
64,A202208212124454p043544,3,321.189284680584,4.595785073461978,4,4,0.967
65,A202208292325449p000326,4,351.43733168798354,0.0573984491951269,4,3,0.979
66,A202208082124222p050649,0,321.0926854699862,5.11379734853286,4,10,0.973
67,A202208292255114p000305,4,343.7977888517287,0.0516314268414091,4,3,0.96
68,A202208212131363p051022,3,322.90133317460857,5.172898604539957,4,5,0.982
69,A202208292349087m000809,4,357.28652294925445,-0.135987876356431,4,2,0.91
70,A202208212116473p051225,3,319.1971332293704,5.207054598972962,4,2,0.734
71,A202208212115223p063830,3,318.8431129852947,6.6417005840633765,4,2,0.856
72,T202208082131135p040050,0,322.8063151179686,4.013993661405853,4,7,0.975
73,A202208292220521p004508,4,335.2170975388698,0.7524254615760368,4,3,0.955
74,A202208212125515p061804,3,321.4647644205887,6.301268751678653,4,10,0.96
75,A202208212107072p055913,3,316.7800396386462,5.987117409955502,4,5,0.909
76,A202208212102106p044723,3,315.5445292635644,4.789795881374956,4,2,0.911
77,A202208212105369p045737,3,316.4038910819793,4.96050367033661,4,3,0.771
78,T202208212103485p043535,3,315.9524583411226,4.593308097328332,4,4,0.967
79,T202208082106307p052344,0,316.6280004834988,5.3956843127036205,4,8,0.973
80,A202208152132255p035945,2,323.1063517091174,3.995877575447936,4,7,0.928
81,A202208292258401p000516,4,344.6671814787798,0.0877788014507755,4,2,0.779
82,A202208152103224p052303,2,315.8435129597694,5.3844357814405965,4,7,0.952
83,A202208082128057p054915,0,322.0241300892525,5.82098482604912,4,9,0.981
84,A202208292121254p040542,4,320.3561130052721,4.095022934277451,4,2,0.748
85,T202208292112159p060310,4,318.06651749879995,6.053009135341108,4,2,0.784
86,A202208082114100p063217,0,318.54203198537965,6.53823187702951,4,10,1.0
87,A202208292227105m000339,4,336.79382663360866,-0.0609404934808667,4,2,0.923
88,A202208212124315p040449,3,321.13158344922897,4.080437052702019,4,4,0.743
89,A202208292223523m002502,4,335.96812322825747,-0.4172892134818346,4,2,0.91
90,A202208212120107p044821,3,320.04469398703657,4.805881928600183,4,6,0.969
91,A202208212131274p051327,3,322.86452459544466,5.224371397127025,4,2,0.925
92,T202208292310563p001555,4,347.73477835208695,0.2654163465504581,4,2,0.883
93,T202208292239074p002656,4,339.78110082309155,0.4490182331788681,4,2,0.919
94,A202208292311034p001607,4,347.764333664123,0.2687335397468076,4,3,0.976
95,T202208212118516p044808,3,319.71511527920256,4.80241758022347,4,3,0.783
96,A202208292222048m000102,4,335.5202214871179,-0.0173341709721917,4,3,0.923
97,A202208292227109m003118,4,336.7956394141472,-0.5217435248251289,4,3,0.99
98,A202208292224307p002513,4,336.1280713077212,0.4204517652012273,4,2,0.859
99,A202208212121450p041201,3,320.43768328760785,4.200393409630251,4,6,0.982
100,T202208212112240p045536,3,318.1000159979346,4.926751229023636,4,2,0.737
101,A202208292256579m004827,4,344.2415846783036,-0.8075823247473186,4,3,0.953
102,T202208152126333p040317,2,321.6390505770317,4.0549129001762365,4,6,0.944
103,T202208152133367p062758,2,323.402966033878,6.466206904611153,4,3,0.988
104,T202208212130589p044501,3,322.74553319341584,4.750313646949139,4,2,0.815
105,A202208152119398p051739,2,319.91622942597905,5.29427334615968,4,8,0.999
106,A202208292222571p003309,4,335.7381957117381,0.5526584419448252,4,2,0.755
107,A202208292230578m001301,4,337.74111675167825,-0.2171280288354067,4,2,0.925
108,A202208292328436m001104,4,352.181887731738,-0.1846634430157336,4,2,0.916
109,A202208082121171p053704,0,320.32143840334226,5.618014267778118,4,15,0.984
110,A202208212130022p061609,3,322.50935309399165,6.269442539283429,4,5,0.934
111,A202208292257302m001731,4,344.3758379020098,-0.2920833037259655,4,3,0.984
112,A202208292220390m001454,4,335.1629154786633,-0.2483851659191996,4,2,0.956
113,A202208212110326p040428,3,317.63592709979224,4.074558698096496,4,2,0.75
114,A202208152113369p041701,2,318.4040758356361,4.283812959576755,4,7,0.978
115,A202208212127070p065847,3,321.7792455693828,6.979803419594496,4,5,0.944
116,A202208212112461p061321,3,318.1921891760023,6.2225483313811765,4,4,0.738
117,A202208212126012p064228,3,321.5051393671382,6.707863246771429,4,4,0.756
118,T202208292313566m002136,4,348.48583458042145,-0.3601045955226312,4,2,0.836
119,A202208212119558p060928,3,319.982632882476,6.157959508560673,4,3,0.765
120,A202208212104136p040554,3,316.0570407512908,4.098456528087185,4,5,0.935
121,A202208292235089p000811,4,338.78725227082725,0.1365870370992395,4,3,0.892
122,A202208292223044p004203,4,335.7683772589691,0.7008353190784019,4,3,0.999
123,T202208292324445p001655,4,351.1857011742427,0.2821797198647072,4,3,0.918
124,A202208212116129p052816,3,319.05396278168746,5.471207263447771,4,8,0.712
125,A202208212128390p060846,3,322.1626889361285,6.1463234942317655,4,6,0.946
126,T202208292258321m005153,4,344.63401023716574,-0.8649468050193414,4,2,0.903
127,A202208212115233p044516,3,318.84729233378783,4.75457880714704,4,4,0.875
128,A202208152120021p072032,2,320.0089550760616,7.342327026254387,4,6,0.964
129,A202208292120565p061120,4,320.2354625375264,6.189022609903985,4,3,0.801
130,A202208212114348p045707,3,318.6452024038745,4.9519809711030085,4,4,0.843
131,A202208292256121m004511,4,344.0506808268863,-0.7533134286365066,4,2,0.963
132,A202208152103141p045430,2,315.80894671404377,4.908448732703622,4,6,0.908
133,A202208292235529m000507,4,338.97047449959894,-0.0855270914779281,4,3,0.975
134,A202208212124337p045734,3,321.1406195331531,4.959651606341237,4,3,0.888
135,T202208152133547p040350,2,323.4780924644153,4.064124995873732,4,4,0.944
136,A202208212126201p060911,3,321.5838820804,6.153193011404936,4,6,0.918
137,A202208082130310p041938,0,322.62926678163404,4.327253150986829,4,7,0.92
138,A202208212108558p042551,3,317.2326742754897,4.430963269823403,4,5,0.776
139,A202208212126563p041428,3,321.73470287909845,4.241336939708488,4,2,0.843
140,A202208292221195p001417,4,335.33160780576543,0.2380805728638202,4,2,0.931
141,A202208292221317p002845,4,335.3820970757101,0.4791755232053621,4,2,0.903
142,A202208152127341p062126,2,321.89221778778955,6.357279931960287,4,5,0.953
143,A202208212127365p042647,3,321.90242447100104,4.446610889238532,4,5,0.784
144,A202208082129520p052135,0,322.46680438585025,5.359741369012396,4,8,0.96
145,A202208292222576m004130,4,335.74004462081126,-0.6918540567817708,4,2,0.935
146,T202208292131403p050412,4,322.91821691514696,5.07024370029928,4,2,0.942
147,A202208212124034p053415,3,321.0143203076784,5.571029643695274,4,5,0.929
148,A202208212116105p062956,3,319.04375640919767,6.499043861319377,4,5,0.964
149,T202208212125542p062032,3,321.47583795096017,6.342230832097303,4,6,0.881
150,T202208212115097p041431,3,318.7904619556387,4.24201409057496,4,3,0.799
151,A202208152110407p051609,2,317.6699063077392,5.269428205730651,4,9,0.965
152,A202208212109253p071109,3,317.35548122631826,7.185966754972278,4,6,0.941
153,A202208212122596p055401,3,320.7487429375912,5.900431647734147,4,4,0.877
154,A202208212105549p055947,3,316.4788985348799,5.996418028937998,4,3,0.895
155,A202208212117018p054550,3,319.2577655749281,5.76406234614179,4,6,0.936
156,A202208152129145p071048,2,322.3104275385647,7.180042100839373,4,8,0.989
157,A202208292122128p055414,4,320.55368546244955,5.903958052127342,4,2,0.846
158,A202208212131587p041311,3,322.9949653432544,4.219920482888427,4,2,0.744
159,A202208292255385m000307,4,343.9105730292216,-0.0520407681399623,4,3,0.964
160,A202208212126586p053014,3,321.7444289651502,5.503901475949638,4,8,0.709
161,A202208212119050p063247,3,319.7709996624444,6.546454562374437,4,4,0.775
162,A202208212124319p035225,3,321.13294736356687,3.8736339410297886,4,6,0.939
163,A202208292234040p002619,4,338.5170491360664,0.4387824606810062,4,2,0.93
164,A202208292325494p004236,4,351.4559936625898,0.7101505661634003,4,3,0.897
165,A202208212127251p045729,3,321.8548710572883,4.958332683228114,4,5,0.725
166,A202208152130004p064115,2,322.5019120505719,6.687658924858376,4,7,0.896
167,A202208082220206p003612,0,335.0862298242487,0.6034499009846549,4,5,0.881
168,A202208152114062p063110,2,318.5261052069921,6.51956095434298,4,8,0.922
169,A202208212131182p064117,3,322.8258778647972,6.68822799371905,4,4,0.984
170,A202208212122500p061950,3,320.7083501955056,6.330770627991499,4,4,0.944
171,A202208212111344p065814,3,317.89342918484124,6.970782523050155,4,2,0.82
172,A202208292331378m003107,4,352.9078013809265,-0.5186258852259841,4,2,0.913
173,A202208292236383p001722,4,339.1598351889656,0.2895610890042906,4,2,0.877
174,A202208292324347m002526,4,351.1447928857648,-0.4240858351631262,4,3,0.953
175,A202208212108100p044705,3,317.04174436876065,4.784938813857416,4,7,0.732
176,A202208212108580p044331,3,317.2419983326485,4.725400999721154,4,9,0.825
177,A202208292237380p003648,4,339.4083774801172,0.6134991705707777,4,2,0.915
178,A202208212131196p051406,3,322.8317320104223,5.235135475118753,4,2,0.841
179,A202208212110206p062313,3,317.5862465950012,6.387050729233824,4,3,0.712
180,A202208212131576p045436,3,322.9901114456406,4.910157505308963,4,3,0.845
181,A202208212124536p063832,3,321.2236812807235,6.642255382344368,4,7,0.822
182,A202208212107128p060420,3,316.8034659181748,6.072475652451353,4,4,0.866
183,A202208082236189m000534,0,339.07905649721727,-0.0929721043243261,4,4,0.934
184,T202208212117223p043920,3,319.34308724211337,4.6556076238634265,4,5,0.928
185,A202208152111563p061348,2,317.9847217947033,6.23011266400672,4,13,0.999
186,T202208292113064p062525,4,318.27684816366974,6.423736360531435,4,5,1.0
187,A202208292253455p000625,4,343.43983574337875,0.1071074576200188,4,2,0.713
188,A202208152129278p043343,2,322.365838454514,4.56210782785316,4,6,0.93
189,A202208292259566m000120,4,344.9860998903652,-0.0223049396273056,4,3,0.923
190,A202208212129290p060107,3,322.3708412995844,6.018823365665866,4,4,0.851
191,A202208292258258m005359,4,344.60775313610213,-0.8998919754723578,4,2,0.858
192,A202208212121182p063740,3,320.32606530426136,6.627922481129301,4,3,0.91
193,A202208212123376p055723,3,320.90706256519337,5.956635170753201,4,2,0.895
194,A202208212110014p041232,3,317.50601118701707,4.209093825552281,4,3,0.761
195,A202209052308183m000742,5,347.0763078126605,-0.1283669988094939,5,3,0.931
196,A202208292329261p001700,4,352.3588061665005,0.2834073309587328,5,4,0.764
197,A202209052229300m002105,5,337.3752604483763,-0.3515868717498516,5,2,0.965
198,A202209050338285m134842,5,54.61903867521197,-13.811931098207726,5,2,0.991
199,A202209052241079p000635,5,340.28302682708807,0.1099105277941306,5,3,0.861
200,A202208292234034m000359,4,338.5142818000025,-0.0664506099366019,5,3,0.779
201,A202209050338302m143431,5,54.62599411478844,-14.575425728061951,5,2,0.915
202,A202209052334263m004020,5,353.609815562308,-0.6723910696206827,5,2,0.914
203,A202208292313394m004410,4,348.4143901027272,-0.7362056468322964,5,4,0.859
204,A202209050341019m141454,5,55.2580730014144,-14.248386544545587,5,2,0.927
205,A202208292220300m002216,4,335.1253612164337,-0.3711311307380959,5,3,0.816
206,A202209052327166p002857,5,351.81952295786454,0.4825954304240072,5,2,0.88
207,A202209050337289m151041,5,54.37070525407922,-15.17831484706117,5,2,0.927
208,A202209050338300m142129,5,54.62535674775033,-14.35817148882358,5,2,0.965
209,T202209050337519m145833,5,54.46640085454563,-14.97601861184902,5,2,0.923
210,T202209052229536m002306,5,337.47336671121974,-0.3851755468245486,5,2,0.947
211,A202209052310478m005339,5,347.69957921219486,-0.8942868361514524,5,2,0.749
212,A202209050337210m150112,5,54.3376813969946,-15.020105117530765,5,2,0.964
213,A202208292327313m000745,4,351.88061127302734,-0.1294233365402168,5,4,0.77
214,A202208292223592p001233,4,335.99692393338745,0.2091822993297147,5,4,0.927
215,A202209050340032m140913,5,55.01335427860756,-14.153876080673443,5,2,0.912
216,A202208292241369m004042,4,340.4039136296822,-0.6785620325256593,5,6,0.938
217,A202208292349253p004741,4,357.3554223213683,0.7948379659108755,5,3,0.735
218,A202209052336029p001728,5,354.0124271024544,0.2913220801582469,5,3,0.97
219,A202208292226287p002810,4,336.61997044393394,0.469629759143404,5,5,1.0
220,A202209052347313m005241,5,356.8806910201888,-0.8781881476286402,5,2,0.92
221,A202208292310242p002340,4,347.6009403872224,0.3945081629860512,5,5,0.771
222,A202208292238188p003435,4,339.5787356220389,0.5764231785591348,5,3,0.676
223,T202209050337359m142259,5,54.39998911796879,-14.383105500611665,5,2,0.836
224,A202208292327379p002842,4,351.90824720140887,0.4786074799444129,5,3,0.745
225,T202209052220589m001509,5,335.2455648282356,-0.2526691775996965,5,2,0.986
226,A202209052235261m004233,5,338.85892793426444,-0.7093433985398092,5,2,0.991
227,A202208292308187m002618,4,347.0782516582896,-0.4384302336046148,5,5,0.913
228,A202208212134324p041154,3,323.6353367131074,4.198443719034485,7,6,0.928
229,A202209090343268m142302,6,55.86166689662158,-14.384069626723784,7,3,0.972
230,A202208212106527p061213,3,316.7198148075904,6.203728835125568,7,3,0.761
231,A202209090339464m144011,6,54.94352380869678,-14.669803943886816,7,4,0.972
232,T202209122128426p044100,7,322.1775957218626,4.683538549642138,7,2,0.875
233,A202208212129594p040636,3,322.497552718783,4.110050218002602,7,3,0.954
234,A202208212131131p051058,3,322.8047576693821,5.1830111568838895,7,3,0.846
235,A202209122104063p053545,7,316.0265880788997,5.595907726492887,7,2,0.973
236,A202208212131097p060317,3,322.79054991116544,6.054805881013601,7,5,0.977
237,T202209112131179p050709,7,322.8248375069162,5.119255204809076,7,4,0.99
238,A202209122107195p060519,7,316.8313429456677,6.088678995951746,7,2,1.0
239,A202208212124540p044531,3,321.22537673613374,4.758630363347097,7,3,0.861
240,T202209122109057p061916,7,317.273892429979,6.321274379466251,7,2,0.954
241,A202208212125482p045120,3,321.4509380531653,4.855721098926336,7,3,0.779
242,A202208212116190p063151,3,319.0793660857599,6.531031927280996,7,4,0.978
243,A202209122114440p043520,7,318.68354811529684,4.588997120286278,8,4,0.913
244,A202209142227405p003141,8,336.9188461243275,0.5280879229491591,8,2,0.721
245,A202209142230146m004935,8,337.5611601717127,-0.8264368091283422,8,2,0.802
246,A202209142230519p002316,8,337.7164860364167,0.3878961513969102,8,2,0.805
247,A202209142231338p003312,8,337.8911875802946,0.553569815574587,8,3,0.948
248,A202209142227447p000010,8,336.9365140884522,0.0029994266780922,8,2,0.849
249,A202209142113113p065000,8,318.2971337263055,6.833456661199535,8,2,0.901
250,A202209090339138m151421,6,54.807685505643775,-15.239438811744526,8,3,0.967
251,A202209142135388p051214,8,323.9117396552623,5.204095372993599,8,2,0.675
252,T202209142251383p002242,8,342.9099907846227,0.3785454985897095,8,3,0.812
253,A202209142249271m000511,8,342.36310149779746,-0.0864169046982777,8,2,0.946
254,T202209142353437m014714,8,358.4324045831308,-1.787375949827157,8,2,1.0
255,A202209142331513p000031,8,352.9638241572215,0.0088228084209697,8,2,0.979
256,A202209142242466m000032,8,340.6945546737438,-0.0091348965347717,8,2,0.736
257,T202209142349479m012456,8,357.4495986950533,-1.4156930884486851,8,2,0.916
258,T202209142306357p003643,8,346.6489210811667,0.6121328565778608,8,3,0.881
259,A202209142247376m001216,8,341.9067645402287,-0.2045852975441359,8,2,0.932
260,A202209142212597m002353,8,333.24890762958154,-0.3981650972813005,8,6,0.912
261,A202209142307361m002227,8,346.9006912019012,-0.3742098024378139,8,3,0.834
262,A202209142342134m000006,8,355.5561994645815,-0.0017183153755066,8,2,0.947
263,A202209142320225p003808,8,350.09390479867227,0.6357559612994815,8,2,0.858
264,A202209142201238m000914,8,330.34927908582785,-0.1540502639428891,8,3,0.99
265,A202209142341552m002216,8,355.4802666557404,-0.3712755798304197,8,2,0.982
266,A202209142247224m013242,8,341.8437229728875,-1.5451106020999203,8,2,0.972
267,A202209142231548m011040,8,337.9786460936882,-1.1778430677535785,8,3,0.959
268,A202209142310441m001133,8,347.68412511430694,-0.1926214258037775,8,2,0.712
269,A202209142316567m010145,8,349.2363461655237,-1.0293891511472706,8,2,0.826
270,A202209142335300p003206,8,353.8751376001316,0.5351324482902389,8,2,0.973
271,A202209142253419m003348,8,343.42473535597384,-0.5636010480592094,8,2,0.928
272,A202209142304489m005433,8,346.20397596560974,-0.9092271066728236,8,2,0.873
273,A202209142256555p002544,8,344.2312989239309,0.4289087742035766,8,3,0.942
274,A202209142220063m012014,8,335.02633569381896,-1.3374894005891629,8,3,0.926
275,A202209142330291p003746,8,352.6214646975087,0.629689213544735,8,2,0.969
276,A202209142211098m002327,8,332.7912020513916,-0.3908727856573183,8,3,0.978
277,T202209142303414m012730,8,345.92265349644566,-1.4584891663048616,8,3,0.727
278,A202209142221181m002850,8,335.3257823716457,-0.4806771032984692,8,2,0.746
279,A202209142304077m002132,8,346.03223275520963,-0.3589742027971019,8,4,0.845
280,A202209142340344m014226,8,355.1435512919543,-1.7074834558792409,8,2,0.95
281,A202209142315223m004422,8,348.84325078844233,-0.739625468239304,8,2,0.908
282,A202209142314245m002014,8,348.60231183593663,-0.3374018172235189,8,2,0.817
283,A202209142247114m001155,8,341.79757921063566,-0.198708888018153,8,3,0.914
284,T202209142216199m002657,8,334.0830906340664,-0.4494139260703853,8,3,0.942
285,A202209142223298m013040,8,335.8745470068357,-1.5111563537191433,8,3,0.947
286,A202209142253023m004237,8,343.25993389235794,-0.7105413260171257,8,3,0.955
287,A202209142204389m001859,8,331.16222233320826,-0.3165213118080637,8,3,0.949
288,A202209142328107m000542,8,352.04484945315824,-0.095115012576917,8,2,0.93
289,T202209142218431m010413,8,334.67974318960063,-1.0703596754498177,8,3,0.861
290,A202209142219492m010953,8,334.95504732598306,-1.1649367803546888,8,3,0.79
291,A202209142220089m010851,8,335.03716786983455,-1.1476702310039912,8,2,0.915
292,A202209142338231m014223,8,354.5966307720849,-1.7064981843171954,8,2,1.0
293,A202209142303527m013043,8,345.9696132160452,-1.5121455674629805,8,3,0.73
294,A202209142329287m012058,8,352.36988897799785,-1.349661808370719,8,2,0.91
295,A202209142241441m000933,8,340.4341296611785,-0.1591853312689329,8,2,0.909
296,A202209142252451p003852,8,343.1882333536506,0.6479436163584267,8,3,0.845
297,A202209142341469m012034,8,355.4457932946604,-1.3429931210930357,8,2,0.952
298,A202209142326598m014143,8,351.74944087886604,-1.6953075773774051,8,2,0.938
299,A202209142335289p003052,8,353.87081550423704,0.5144755322813085,8,2,0.991
300,A202209142329159m011236,8,352.31652576979377,-1.2100534156746805,8,2,0.945
301,A202209142245365m012356,8,341.40226477111145,-1.3989397906630063,8,2,0.876
302,T202209142216077p005214,8,334.0324769057604,0.8705629242133601,8,3,0.763
303,A202209142213110p000724,8,333.2960465882013,0.1235617895258758,8,3,0.819
304,A202209142351349m011134,8,357.8956542938711,-1.1927875905196468,8,2,0.998
305,A202209142305375p002032,8,346.4063812023874,0.3422384488668984,8,2,0.759
306,A202209142219568m001802,8,334.9870665657468,-0.30079486772262,8,5,0.814
307,A202209142211270m002116,8,332.86266712175694,-0.3544995506936045,8,3,0.874
308,A202209142310475m001006,8,347.69804391268514,-0.1685092360181107,8,3,0.851
309,A202209142245558m003934,8,341.4829052828623,-0.6595498709749513,8,3,0.933
310,A202209142233109m004902,8,338.2954981835012,-0.8174345318782276,8,3,0.89
311,A202209142355238m004543,8,358.84942919752046,-0.7619712934212282,8,2,0.983
312,A202209142202253p000902,8,330.60572384829345,0.1507413874099794,8,2,0.744
313,A202209142339490m010731,8,354.9542687902762,-1.1253956039951476,8,2,0.971
314,A202209142335178m004926,8,353.82424687559075,-0.8241452326274452,8,2,0.94
315,A202209142237567m011337,8,339.4866478503364,-1.2270167321943364,8,3,0.975
316,A202209142306346p003932,8,346.6444256062354,0.659066004118262,8,3,0.899
317,A202209142352211m005125,8,358.088330673917,-0.8570593498492208,8,2,0.919
318,A202209142210489m005332,8,332.7039411949752,-0.8923221860914324,8,2,0.792
319,A202209142208200m013457,8,332.08355983102706,-1.582560334537637,8,3,0.977
320,A202209142304158m003010,8,346.06587070474825,-0.5028720287619437,9,5,0.999
321,T202209142301198m012649,8,345.33269448061446,-1.4472016987779637,9,3,0.75
322,A202210020003556m005243,9,0.9819309195637864,-0.8786748532401121,9,2,0.882
323,T202210022358280m000254,9,359.6170703139155,-0.048566234976336,9,2,0.883
324,A202210022247364m011007,9,341.9018724183406,-1.168630750963788,9,2,0.94
325,A202210022218372m003016,9,334.65511206974764,-0.504480710871525,9,2,0.704
326,A202210022245436m003810,9,341.4318914467812,-0.6362632702427669,9,2,0.886
327,A202210022341449m005026,9,355.437354200337,-0.8405861225583547,9,2,0.866
328,T202209142211110m000217,8,332.79607933980805,-0.0382575917038524,9,4,0.743
329,T202210020000488m003758,9,0.2034883184316527,-0.6328356595645497,9,2,0.877
330,A202210022358396p002906,9,359.66504219776607,0.4851651439928967,9,2,0.885
331,A202210022242199m003848,9,340.5831685782762,-0.6468381474567951,9,2,0.945
332,A202210022257511m005812,9,344.4631529279906,-0.9700833685513904,9,3,0.832
333,A202210022250325m011418,9,342.63550120829984,-1.2383768165817204,9,2,0.79
334,T202210022340136m000356,9,355.0567457893138,-0.0655772259915065,9,2,0.865
335,T202210022242501m000655,9,340.70915379419665,-0.1153552674747135,9,2,0.849
336,A202209142254210m003627,8,343.58750031204374,-0.6077702540355548,9,5,0.937
337,A202210022108449p044249,9,317.18736373459456,4.713751600515075,9,3,0.986
338,T202210022232088p004238,9,338.0370402540837,0.710708468982193,9,3,0.863
339,A202210022226016m005225,9,336.5070549196399,-0.8737630138562363,9,3,0.879
340,A202210022252420p003053,9,343.17529759471523,0.5147612415417769,9,3,0.963
341,T202210022221092m012945,9,335.2884338715286,-1.4961109735399047,9,3,0.97
342,A202210022356037m000346,9,359.01576210520125,-0.0628674767906887,9,2,0.873
343,A202209142308147p001131,8,347.06162309486035,0.1920053332942777,9,4,0.972
344,A202210022358559m003608,9,359.73329104433014,-0.6024722270371548,9,2,0.752
345,A202210022131171p070151,9,322.82127226491104,7.030903693203688,9,2,0.816
346,A202210022309036m002050,9,347.26528273074416,-0.3473925892788274,9,2,0.851
347,T202210022300565m011306,9,345.23573677662824,-1.218406685387714,9,2,0.901
348,A202210022338544m004931,9,354.7269503865508,-0.8254020254699213,9,2,0.784
349,A202210022235238m010507,9,338.84918214798114,-1.0853755436816677,9,2,0.909
350,A202210022130518p051512,9,322.7161911725933,5.253423567533148,9,2,0.837
351,A202209142210340m012409,8,332.6420828219903,-1.4025708555793093,9,6,0.86
352,A202210020001214m001140,9,0.3393885031662194,-0.1945311842284041,9,2,0.915
353,A202210022337388m002016,9,354.4118955835567,-0.3379769695521437,9,2,0.804
354,A202210022236569m004459,9,339.2372650424586,-0.749843694376319,9,2,0.798
355,A202210020007447m003359,9,1.936636069511417,-0.566392904267206,9,2,0.761
356,A202210022357071p004253,9,359.2799179878498,0.7148999984376783,9,2,0.902
357,A202210022253361m002045,9,343.40042799276665,-0.3460674386616909,9,2,0.797
358,A202210022226127m011230,9,336.5530354020233,-1.2086000270573598,9,2,0.899
359,A202210022331524p005247,9,352.9684610735894,0.8798798997493582,9,2,0.887
360,A202210022213133m000157,9,333.30564801089514,-0.0327388322024719,9,2,0.706
361,A202210022221334m015249,9,335.3894401904432,-1.8804659761883795,9,2,0.839
362,A202210022202329m004050,9,330.6373213670922,-0.6808041967096699,9,3,0.874
363,A202209142237581m014003,8,339.49224544858725,-1.667667661745185,9,6,0.992
364,A202209142301112m001013,8,345.2969774936936,-0.1705423909297472,9,5,0.959
365,T202210022127241p063924,9,321.8504751952665,6.656760897354724,9,2,0.889
366,A202210020004464m011856,9,1.1935201262559192,-1.315622131855487,9,2,0.853
367,A202210022346431p003600,9,356.67962283133085,0.6000492440235072,9,2,0.877
368,A202210020005547m002404,9,1.4781357234199115,-0.4011812981974625,9,2,0.894
369,A202210022310417m011720,9,347.67403595785925,-1.2889435332287345,9,2,0.927
370,A202210022227230m004550,9,336.84598146104315,-0.7639597247151506,9,2,0.894
371,A202209142305088p001020,8,346.28694891818725,0.1723661021159592,9,6,0.985
372,A202209142215173m003221,8,333.82219835221343,-0.5392873943506576,9,4,0.712
373,A202210020002375m013739,9,0.6562550517557794,-1.6275037344431738,9,2,0.727
374,A202210022355251m001715,9,358.85480918765893,-0.2876744418695574,9,2,0.88
375,A202210022332157p003955,9,353.0654176481086,0.6653948008195995,9,2,0.889
376,A202209142224112m010428,8,336.0469196753711,-1.0746511557852043,9,5,0.888
377,A202210022356570m002047,9,359.23777459909263,-0.3465549691264301,9,2,0.885
378,A202210022256467p001941,9,344.19482969088466,0.3280689756430553,9,3,0.833
379,A202210022332092p004747,9,353.0385926917928,0.7964480396841471,9,2,0.803
380,A202210022255545p000627,9,343.9774997838031,0.1075797428466293,9,2,0.846
381,A202210022240008m002957,9,340.00348884114567,-0.4991768865054946,9,2,0.764
382,A202210022244057p001321,9,341.0237869314433,0.2225472546798562,9,2,0.96
383,A202210022243411p003536,9,340.9214182832988,0.5934900424621147,9,2,0.702
384,A202210022350056m001332,9,357.5233698349832,-0.2256741434548597,9,2,0.833
385,A202210022233479m004800,9,338.4497723527493,-0.8000607414123445,9,3,0.945
386,A202210022355401m011327,9,358.9170937327196,-1.2243912510901631,9,2,0.727
387,A202210022214050p004018,9,333.52109449685673,0.6717182285067925,9,2,0.795
388,A202210022308188m000210,9,347.0785906223036,-0.0362034958750119,9,3,0.887
389,A202210022303576m002846,9,345.9901718517803,-0.4796527327101784,9,2,0.877
390,A202209142351091m015007,8,357.7883237529561,-1.835546712612006,9,4,0.979
391,A202210020006199m014133,9,1.583202891477955,-1.6926301444858582,9,2,0.868
392,A202210022353482m011418,9,358.45100772818853,-1.2383582605049857,9,2,0.839
393,A202210022357539p003255,9,359.4747016816726,0.5488107772598062,9,2,0.895
394,A202209142254066p004950,8,343.5278229344322,0.8306265997407766,9,5,0.947
395,A202209142253448m004732,8,343.4370437662674,-0.7923968613228454,9,5,0.911
396,A202209142306274m005321,8,346.6145251712783,-0.8892431263141405,9,6,0.988
397,A202209142205136m001428,8,331.3068901247693,-0.2412564485522057,9,5,0.818
398,A202210022259516m002327,9,344.9652133951121,-0.3908702193824237,9,2,0.919
399,A202210022343073p003854,9,355.7807391866078,0.6485790966458042,9,2,0.884
400,A202210022357141m000036,9,359.3088216570726,-0.0100570546636059,9,2,0.8
401,A202209142335021p004903,8,353.75882683074,0.817648974358148,9,4,0.98
402,A202209142239590p005138,8,339.99589125688755,0.8606469800461515,9,5,0.984
403,A202210022347102p005635,9,356.792630166613,0.943098335449788,9,2,0.723
404,A202210022302503m013947,9,345.7095980949995,-1.663173246383134,9,2,0.813
405,A202210022311041m004508,9,347.767227824846,-0.7524360406178208,9,2,0.853
406,A202210022347159p005603,9,356.81654473776706,0.934231074846506,9,2,0.864
407,A202210022237292m014048,9,339.3718508001232,-1.6801349702362909,9,2,0.783
408,A202210022307523p002856,9,346.96794868554326,0.482332284027596,9,2,0.987
409,A202210022355219m011041,9,358.841339943406,-1.178284659846088,9,2,0.833
410,T202210022207046m010226,9,331.7692165203556,-1.0405887694999705,9,2,0.855
411,A202210022300416m000552,9,345.17367299511966,-0.0977833354748946,9,3,0.787
412,A202210022304497p001801,9,346.2072884600849,0.3004640484622987,9,2,0.805
413,A202210022352140m005406,9,358.0584241830172,-0.9018721775078116,9,2,0.855
414,A202210022251420m003307,9,342.92506556183537,-0.5519577906259183,9,4,0.959
415,A202210022202475m003837,9,330.6979743092774,-0.6438478883518693,9,3,0.911
416,A202210022325388m004903,9,351.4120224256497,-0.8176778520082442,9,2,0.819
417,T202210022110176p040653,9,317.57346270947943,4.114862547943419,9,3,0.701
418,A202210022302535m005107,9,345.7231380331476,-0.8519690595386984,9,3,0.941
419,A202210022259214m015113,9,344.8392025752099,-1.8537546401078244,9,2,0.951
420,A202209142350028m003935,8,357.51185013471485,-0.6597716163776055,9,4,0.926
421,A202210020000004m002703,9,0.0019075684813287,-0.4510533878967256,9,2,0.818
422,T202210060325039m165559,10,51.26661192502383,-16.93324453493442,10,3,0.879
423,A202210060328025m161856,10,52.01056748064913,-16.315718660620327,10,3,0.991
424,A202210060347044m161257,10,56.76850420023303,-16.215866463581946,10,3,0.963
425,T202210060325211m152342,10,51.338060249180025,-15.395097008752948,10,2,0.927
426,A202210060328401m164140,10,52.16748578164017,-16.69453051991139,10,3,0.938
427,A202210060339095m170845,10,54.78982802395462,-17.145868146799994,10,3,0.989
428,A202210060317413m144224,10,49.42222317562115,-14.70694288686204,10,3,0.963
429,A202210060346065m160837,10,56.52724625873977,-16.143762125828932,10,2,0.807
430,A202210060329411m163211,10,52.42165127937656,-16.536657810684524,10,2,0.776
431,A202210060259123m161148,10,44.801385879323455,-16.19683170173827,10,2,0.82
432,A202210060343040m150212,10,55.76677671726145,-15.036851632825629,10,2,0.957
433,A202210060300166m151035,10,45.06957366506646,-15.176509543158044,10,3,0.994
434,A202210060324525m143817,10,51.21914239858197,-14.638074628580029,10,3,0.913
435,A202210060310434m142320,10,47.68092065460775,-14.389027376806864,10,2,0.945
436,A202210060344179m170115,10,56.07494333128609,-17.02088988708579,10,3,0.907
437,A202210060349252m153556,10,57.355283930330266,-15.598977282745665,10,2,0.83
438,A202210060301273m170015,10,45.363948329236585,-17.00429791990806,10,3,0.992
439,A202210060256498m164053,10,44.207648972511954,-16.681445669939173,10,3,0.993
440,A202210060257167m170303,10,44.31979948973414,-17.05086337155549,10,2,0.989
441,A202210060346090m145325,10,56.53758767073129,-14.890545956571662,10,3,0.994
442,A202210060326034m154249,10,51.51455883701594,-15.71382206883682,10,2,0.946
443,A202210060349568m152123,10,57.48680082499015,-15.356515688299638,10,2,0.867
444,A202210060323222m143501,10,50.84281376313172,-14.583782447849169,10,2,0.95
445,A202210060300538m164930,10,45.22423897056047,-16.825019746701805,10,3,0.965
446,A202210060302598m143725,10,45.749233862969,-14.62367107184282,10,3,0.998
447,A202210060329562m141318,10,52.48426049797981,-14.221874786956292,10,2,0.742
448,A202210060344377m154246,10,56.15729958254072,-15.713040155075197,10,3,0.966
449,A202210060327314m163055,10,51.881214593038806,-16.51536180004319,10,3,1.0
450,A202210060313026m151810,10,48.26103592811489,-15.302857396132476,10,3,0.831
451,T202210060326045m164315,10,51.519114830406,-16.72096804410095,10,3,0.986
452,A202210060325536m162937,10,51.473512396118,-16.493848052436892,10,3,0.841
453,A202210060315036m173539,10,48.76503310579465,-17.59422380242838,10,2,0.777
454,A202210060310510m164851,10,47.71254029514322,-16.814186556420648,10,3,0.976
455,A202210060256430m163956,10,44.17918800572343,-16.665560002356717,11,4,0.971
456,A202210080259360m154614,11,44.90040267688307,-15.77068458785203,11,3,0.857
457,A202210082133549p062215,11,323.4789438735563,6.370928972341016,11,2,0.984
458,A202210060325449m165528,10,51.437467956647936,-16.924508291854714,11,3,0.911
459,A202210060338587m163340,10,54.744943974799824,-16.56129731852757,11,4,0.756
460,A202210060317246m161650,10,49.352574951012215,-16.280679111654983,11,4,1.0
461,T202210060303082m140524,10,45.78453674155047,-14.09024473675594,11,5,0.877
462,A202210060312332m143915,10,48.138371630407846,-14.65432739407802,11,4,0.996
463,A202210080300155m150121,11,45.06471895301043,-15.022602145603834,11,2,0.897
464,A202210060257365m164451,10,44.40217709520948,-16.74763243269901,11,3,0.924
465,A202210080326076m172137,11,51.5318530457021,-17.360422878209857,11,2,0.758
466,A202210080258493m150407,11,44.70545453139471,-15.068653539435791,11,2,0.928
467,A202210060314579m151630,10,48.74152043217351,-15.27525785176066,11,5,0.99
468,A202210080326313m161626,11,51.6305884374969,-16.27391537616735,11,2,0.812
469,T202210060325482m152142,10,51.45112382131124,-15.361736535116354,11,5,0.749
470,A202210080259234m172439,11,44.84766326164277,-17.410909097635475,11,3,0.99
471,A202210060311466m162543,10,47.94449371096767,-16.428852827128498,11,5,0.953
472,A202210060339583m154623,10,54.99294369831038,-15.773221426546858,11,3,0.972
473,A202210080342484m160409,11,55.702031593383786,-16.069221250784626,11,2,0.713
474,A202210060301435m163447,10,45.4312938522471,-16.57989749051548,11,4,0.877
475,A202210080302350m165222,11,45.6462233084368,-16.8729567307886,11,2,0.773
476,A202210060326084m172612,10,51.53504409185847,-17.43671581472051,11,4,0.876
477,T202210060350237m154300,10,57.59877553197033,-15.716943279812234,11,4,0.947
478,A202210082115291p051109,11,318.871299474945,5.186027062724438,11,2,0.938
479,A202210080301274m143128,11,45.36427453041398,-14.524710743552696,11,2,0.744
480,T202210060327405m162902,10,51.91890006189498,-16.48404734066481,11,4,0.88
481,A202210200345213m144953,12,56.33906474068398,-14.831589248077202,12,2,0.723
482,A202210200315329m140443,12,48.887312810466646,-14.078614690573236,12,2,0.758
483,A202210202353010m001353,12,358.2541871337486,-0.2315946598702903,12,2,0.91
484,A202210200324319m161549,12,51.13303431324287,-16.263795769346622,12,2,0.979
485,A202210080348544m160100,11,57.22699911658364,-16.016787575908733,12,4,0.91
486,A202210200326110m163213,12,51.54604476583133,-16.537134156187676,12,2,0.978
487,A202210200349587m152759,12,57.4949054818755,-15.466551794711648,12,2,0.828
488,T202210200316578m143305,12,49.24088195527375,-14.551561987975932,12,2,0.905
489,T202210202339005m002828,12,354.7524330434068,-0.4745703042783614,12,2,0.88
490,A202210080302505m171809,11,45.71050794122454,-17.302618792178148,12,4,0.713
491,A202210200325481m154008,12,51.45067604332471,-15.668918006956655,12,2,0.736
492,A202210202359140m002037,12,359.8083437303235,-0.343801340768413,12,2,0.97
493,A202210200314088m142412,12,48.53677441526609,-14.403501692100727,12,2,0.851
494,A202210202347039p000816,12,356.766535948682,0.1377844298743192,12,2,0.939
495,A202210200347154m150111,12,56.81443187589058,-15.019884418491756,12,2,0.902
496,A202210200258269m142047,12,44.61241920407684,-14.34642774937848,12,2,0.75
497,A202210200341458m164530,12,55.441165341543794,-16.758431598277962,12,2,0.76
498,A202210200315386m161323,12,48.91120257330843,-16.223302473452524,12,2,0.76
499,A202210202352478m003205,12,358.1993430776568,-0.5349504605215095,12,2,0.932
500,A202210202356141m001047,12,359.0589618672497,-0.1799225272323966,12,2,0.868
501,A202210202357209m003313,12,359.33733268432223,-0.5536361083387193,12,2,0.921
502,T202210200340598m165840,12,55.24954408382225,-16.977873846142987,12,2,0.775
503,A202210200258447m163434,12,44.68637520014865,-16.576382711695725,12,2,0.71
504,A202210202343072m010258,12,355.7801336349372,-1.0496754086612934,12,2,0.917
505,A202210200343123m171601,12,55.80136641558825,-17.267152799285174,12,2,0.728
506,A202210200310085m144437,12,47.53552548228881,-14.743722355549355,12,2,0.87
507,A202210200300091m142334,12,45.03808135246143,-14.392963686609075,12,2,0.701
508,A202210202341334m011751,12,355.3893173829997,-1.2975165225000875,12,2,0.933
509,A202210200345570m151521,12,56.48788255208976,-15.255925903604256,12,2,0.723
510,A202210202338057m004410,12,354.5239221669108,-0.7363316274608213,12,2,0.828
511,A202210200342262m172451,12,55.60919545296312,-17.41443880474527,12,2,0.808
512,A202210200324107m162036,12,51.044628240792,-16.34345929033906,12,2,0.759
513,A202210200312355m162332,12,48.14820602861134,-16.39234735450444,12,2,0.791
514,A202210202319081p005238,12,349.783790639878,0.8772462573908678,12,2,0.893
515,A202210200342161m160318,12,55.56749835644147,-16.055198277266594,12,2,0.775
516,A202210200301449m153121,12,45.43727825919808,-15.5227165493869,12,2,0.863
517,A202210200317076m144450,12,49.282048741884346,-14.74736915160586,12,2,0.813
518,A202210200330436m141214,12,52.68184163152917,-14.203931969519967,12,2,0.822
519,A202210200339294m163339,12,54.87277097757534,-16.56092289812404,12,2,0.855
520,A202210202355328m004330,12,358.8868943817148,-0.7252452597242581,12,2,0.959
521,A202210202338339m010824,12,354.6416576536523,-1.1400410106480776,12,2,0.852
522,A202210080324538m171413,11,51.22422952753774,-17.23719824410588,12,4,0.993
523,A202210232323306p003223,13,350.8775627132189,0.5398903744716823,13,2,0.92
524,T202210232323367m001713,13,350.903244833192,-0.286969280238904,13,2,0.9
525,T202210230323341m164655,13,50.892461760818605,-16.7821939126872,13,2,0.962
526,A202210230000484p004843,13,0.2020479376267303,0.8121270859847157,13,2,0.715
527,A202210232328121m003238,13,352.0505085799222,-0.5440524229427124,13,2,0.771
528,T202210232321177m002637,13,350.32387494889696,-0.4437714969617967,13,2,0.882
529,A202210232315114m013125,13,348.7979060623354,-1.5236724273007152,13,2,0.796
530,A202210232310244m004933,13,347.6020332397292,-0.826014704146991,13,2,0.857
531,A202210232316355m011843,13,349.14818500877846,-1.3122121507373938,13,2,0.855
532,T202210232319598m004029,13,349.9995004462065,-0.6747960409707037,13,2,0.892
533,T202210232325017m010501,13,351.25708734879714,-1.083655920682574,13,2,0.968
534,A202210260328522m153402,14,52.21784028310812,-15.567248875933563,14,2,0.864
535,T202211012318004p001635,16,349.50168567333856,0.2764295692750871,16,2,0.849
536,T202211012318431m004241,16,349.6798538747132,-0.7115019646832396,16,2,0.94
537,T202211012335197p002937,16,353.83227726152995,0.493801050743799,16,2,0.974
538,T202211010005283m004035,16,1.368282701136476,-0.6766448062670167,16,2,0.802
539,T202211012312330m004836,16,348.1377776379905,-0.8102316675421483,16,2,0.964
540,T202211012326180m000315,16,351.5751287574639,-0.0542794515629637,16,2,0.912
541,T202211010005568m012656,16,1.4868304539213106,-1.4490189969813525,16,2,0.848
542,A202211012351177m013444,16,357.823882107732,-1.5791155312441931,16,2,0.989
543,T202211012314374m010726,16,348.65594512265545,-1.123952134340497,16,2,0.867
544,T202211010000083m002352,16,0.0349335319855867,-0.397888687894476,16,2,0.98
545,T202211012327079m004457,16,351.78302375838274,-0.7493924805794878,16,2,0.9
546,A202211012348325m010137,16,357.13544153739406,-1.027158630192409,16,2,0.951
547,T202211012338534m011458,16,354.72286738777177,-1.2496401377907125,16,2,0.89
548,T202211012312318m000108,16,348.13285229051667,-0.0189573863750291,16,2,0.763
549,T202211012325034m004158,16,351.2643030056568,-0.6996342973595056,16,2,0.975
550,T202210292321043m003029,15,350.26807230164945,-0.5083294963452002,16,3,0.849
551,T202211012311372m003832,16,347.90501203707703,-0.6423892484064068,16,2,0.973
552,T202211012319082p001819,16,349.78440209808883,0.305423184544271,16,2,0.83
553,T202211012348020m005504,16,357.0085382127989,-0.9179781699064734,16,2,0.929
554,T202211012323475m011808,16,350.94805847334186,-1.3024285430221143,16,2,0.986
555,A202211012314392m003110,16,348.66342798298194,-0.5197029805889818,16,2,0.809
556,T202211010005245m013212,16,1.3523110670019831,-1.5367285477878427,16,2,0.822
557,T202211012329511m004932,16,352.46316008939385,-0.8256245811655406,16,2,0.987
558,T202211012314175m004823,16,348.5730007075891,-0.8065265038290163,16,2,0.841
559,T202210290007516m011748,15,1.9650167305203627,-1.296787548376278,16,3,0.876
560,A202210292359275m000818,15,359.86474217487574,-0.1383820959109224,16,3,0.771
561,T202211012314252m010743,16,348.6052859778017,-1.1288160276526331,16,2,0.987
562,T202211010007117m013447,16,1.798860847571497,-1.5798669688255784,16,2,0.953
563,A202211012315242m011014,16,348.8509193471162,-1.170780541435122,16,2,0.905
564,A202211012344357m004930,16,356.1488168930859,-0.8252042534618496,16,2,0.914
565,T202211012326202m004805,16,351.5842501417683,-0.8014234600431687,16,2,0.983
566,T202211012314124m001250,16,348.5517390778315,-0.2141349759071746,16,2,0.79
567,T202211012323558m012337,16,350.9827535033233,-1.3937950659814975,16,2,0.951
568,T202211012320364m000926,16,350.1518479698979,-0.1573659612693856,16,2,0.911
569,T202211010000086m003640,16,0.0359513567266844,-0.6111173399462413,16,2,0.948
570,T202211012353081m003946,16,358.28410050551315,-0.6630112646460044,16,2,0.926
571,T202211012312074m011153,16,348.03084840394115,-1.1982191559497728,16,2,0.871
572,T202211012314135m003927,16,348.55645585681526,-0.6576368314937254,16,2,0.744
573,T202211012324315m011242,16,351.1312739303721,-1.2119095472462968,16,2,0.986
574,T202211012339435m001017,16,354.93151981333745,-0.1716648502925705,16,2,0.91
575,A202211012330053m004908,16,352.522096530518,-0.8190773728492738,16,2,0.912
576,T202211012311434m012006,16,347.9312272043108,-1.3350051605704458,16,2,0.911
577,A202211012310593m004819,16,347.7474812769602,-0.8054875451967928,16,2,0.87
578,T202211012337547m012927,16,354.4781726023429,-1.4908844081153845,16,2,0.987
579,T202211012319467m003240,16,349.9446962662888,-0.5445133984180369,16,2,0.874
580,A202211012344127m003106,16,356.05302323763897,-0.5183602715236052,16,2,0.96
581,T202211012318043p001746,16,349.51795014233545,0.2963455319541027,16,2,0.872
582,A202211012357130m003621,16,359.3044509258222,-0.6059618331498101,16,2,0.993
583,T202210292314039m012302,15,348.51636300845314,-1.3840054323807334,16,3,0.87
584,A202211012353383m015325,16,358.4097260683095,-1.8903269114360024,16,2,0.926
585,T202211012314340m015412,16,348.6417427612207,-1.9034805195451905,16,2,0.969
586,T202211012346051p001759,16,356.5216511487471,0.2999588900392526,16,2,0.926
587,A202211040330367m144952,17,52.65326074631504,-14.831260651579273,17,2,0.949
588,A202211040325017m140202,17,51.25749318357512,-14.03396023036942,17,2,0.822
589,A202211040326131m141252,17,51.55481250501769,-14.21449978170901,17,2,0.99
590,A202211040329247m140520,17,52.35327408190448,-14.089163974646087,17,2,0.846
591,A202211042119355p062803,17,319.89828098310693,6.467629147710767,17,4,0.994
592,A202211040316154m144834,17,49.06442314029752,-14.809531148610963,17,2,0.942
593,A202211042129214p045149,17,322.3394393880483,4.863875775963198,17,2,0.805
594,A202211040344409m152328,17,56.17074421740749,-15.391279458609915,17,2,0.934
595,A202211040350098m151602,17,57.54086361642239,-15.267230309501704,17,2,0.85
596,A202211042104199p050846,17,316.0830382656058,5.146126683757729,17,2,0.904
597,A202211040329212m143741,17,52.33843979460832,-14.628274343316187,17,2,0.823
598,A202211040348373m151545,17,57.1557221352364,-15.262640032603416,17,2,0.769
599,A202211040326173m160217,17,51.5720984878018,-16.038316133655798,17,2,0.925
600,T202211040346271m155405,17,56.6131700887428,-15.901661795349682,17,2,0.763
601,T202211042103256p052907,17,315.8570310676078,5.485522959542506,17,2,0.986
602,A202211042108177p051925,17,317.07375713018786,5.323807407742907,17,2,0.893
603,A202211040330008m143356,17,52.50368980958267,-14.565696721188123,17,2,0.981
604,A202211040345575m155027,17,56.48979579926302,-15.840995510199075,17,2,0.839
605,A202211042117346p064943,17,319.3942324896252,6.8287674513889804,17,2,0.848
606,A202211040330565m165455,17,52.73571795169285,-16.915502289974633,17,2,0.813
607,A202211040350117m153006,17,57.54884348104391,-15.501898490398473,17,2,0.867
608,A202211040328546m164627,17,52.22769394850259,-16.774253547718505,17,2,0.882
609,A202211042129060p065705,17,322.2753132817949,6.95160589653824,17,2,1.0
610,A202211040314196m135823,17,48.58204332004991,-13.973104473940085,17,3,0.962
611,A202211042129579p044637,17,322.49147148105243,4.7771997436741,18,2,0.99
612,A202211072127245p070954,18,321.85239407613454,7.165026954433435,18,2,0.964
613,A202211072324071m000346,18,351.0297222328198,-0.0629864411611983,18,2,0.983
614,A202211040346474m154042,17,56.697571989547725,-15.678486864073957,18,2,0.888
615,A202211040342246m155033,17,55.60251117144044,-15.842515457082415,18,2,0.939
616,T202211072128155p065042,18,322.0649660972907,6.845199919760395,18,2,0.988
617,A202211042122599p052443,17,320.74988521311644,5.412016750495012,18,3,1.0
618,T202211072326212m005220,18,351.5884029891573,-0.872368321514662,18,2,0.972
619,T202211072318067m002715,18,349.5279711028794,-0.4542185926822645,18,2,0.988
620,A202211072322204p003157,18,350.58502296210776,0.5326609302681027,18,2,0.962
621,T202211072327349m001312,18,351.8956359600074,-0.2201642900620672,18,2,0.999
622,A202211042115428p055015,17,318.9285451260528,5.837548858828603,18,3,1.0
623,T202211102329356m011348,19,352.39856280125315,-1.230251507034992,19,2,0.94
624,T202211102329349m002931,19,352.3956641193587,-0.492066982865737,19,2,0.992
625,T202211102312404m005126,19,348.1683415262774,-0.8573048642667597,19,2,0.964
626,T202211102309030m000011,19,347.2628243177121,-0.0031316276291885,19,2,0.956
627,T202211102325371m001514,19,351.4047554178344,-0.2539446263599157,19,2,0.887
628,T202211102302363m014352,19,345.65156878745336,-1.7313774604778298,19,2,0.819
629,T202211102317407p004004,19,349.4198989723098,0.6679047395711329,19,2,0.998
630,T202211102323031p003818,19,350.7629472701936,0.6384009474172829,19,2,0.988
631,T202211102327349m011129,19,351.89561905666574,-1.1913978520413655,19,2,1.0
632,T202211102311508m002809,19,347.9617778043063,-0.4691686391044964,19,2,0.989
633,T202211102329314m005304,19,352.38105149531947,-0.8845499082417168,19,2,0.898
634,T202211102315376m014939,19,348.9066773956224,-1.8275506575040152,19,2,0.98
635,T202211102259089m005133,19,344.78722980808567,-0.8592464574176886,19,2,0.812
636,T202211102326017m004906,19,351.50738812209806,-0.818342715958497,19,2,0.77
637,T202211102314079m000238,19,348.53293576098383,-0.0441430838007597,19,2,0.961
638,A202211102319076p005453,19,349.7818227269848,0.9148300695658216,19,2,0.976
639,T202211102307174m003923,19,346.8226138206308,-0.6565560148411328,19,2,0.778
640,A202211102205558p004122,19,331.48276908028737,0.689571389908441,19,2,0.836
641,T202211102316353m002954,19,349.1474892577467,-0.4985602113574361,19,2,1.0
642,T202211102306575m001416,19,346.73968430303603,-0.2378411207318015,19,2,0.889
643,T202211102313387m004750,19,348.4114984113987,-0.7973961967733867,19,2,0.96
644,T202211102325330m003113,19,351.3876025709403,-0.5202844457145261,19,2,0.901
645,A202211102303303m012401,19,345.87638636883366,-1.4004164696450851,19,2,0.819
646,T202211102310540m013043,19,347.7250131218021,-1.511973894757615,19,2,0.99
647,T202211102320446m000922,19,350.18615189913373,-0.1562618411979503,19,2,0.975
648,T202211102318390m004127,19,349.6627095422155,-0.690900915977203,19,2,0.97
649,T202211102325426m013142,19,351.42751551311056,-1.5285842709707422,19,2,0.977
650,T202211102307404m003017,19,346.9183618325227,-0.5048251160464654,19,2,0.875
651,T202211102315505m010850,19,348.9607343616352,-1.1473099389195462,19,2,0.878
652,T202211102303533m003058,19,345.9722563515345,-0.5162180513490406,19,2,0.736
653,T202211102326319m014208,19,351.63298030213565,-1.7024557098154651,19,2,0.911
654,T202211102316585m005152,19,349.2437618902084,-0.8646767090272176,19,2,0.99
655,T202211102304557m000059,19,346.2321085463744,-0.0164428668450077,19,2,0.812
656,T202211102312432m003454,19,348.18033133270933,-0.5817536767634777,19,2,0.931
657,T202211102328370m002509,19,352.15424392877594,-0.4193739950137707,19,2,0.95
658,T202211102318597m002332,19,349.7489552752164,-0.392253455619576,19,2,0.97
659,A202211102309461p000049,19,347.4423196853496,0.0136864905003286,19,2,0.819
660,A202211102218274p000657,19,334.61440857631914,0.116096688397096,19,2,0.785
661,A202211102239161m002948,19,339.81726752767696,-0.4967973802692394,19,2,0.751
662,A202211102218399m002401,19,334.666363044017,-0.400493837731908,19,2,0.91
663,T202211102321315p003543,19,350.3815544533714,0.5953821961096147,19,2,0.999
664,T202211102307567p003202,19,346.9862912461452,0.5339501623274345,19,2,0.851
665,T202211102316501m010955,19,349.20912205654946,-1.165491134826964,19,2,1.0
666,T202211102259487m002906,19,344.95322122021,-0.4852451763574446,19,2,0.775
667,T202211102310489m004055,19,347.704137709554,-0.6820837876392706,19,2,0.964
668,T202211102319132m003307,19,349.8053194599946,-0.551947860107772,19,2,0.99
669,T202211102258078m000010,19,344.532873315738,-0.0029592901545799,19,2,0.725
670,A202211102205095m004820,19,331.28960664323125,-0.8055994043625654,19,2,0.898
671,T202211102322372p001822,19,350.6552357422844,0.3061158591145628,19,2,0.988
672,T202211102316569m003757,19,349.23711583483566,-0.6327233077557182,19,2,0.989
673,T202211102321204p004955,19,350.3352937713556,0.8321966190376808,19,2,0.96
674,T202211102316338m005843,19,349.14109067971646,-0.9786401215178554,19,2,0.997
675,T202211102326572m010021,19,351.738619512264,-1.0059580372648835,19,2,0.979
676,T202211102312000m011151,19,348.00038315486165,-1.1976926645323671,19,2,0.985
677,T202211102326291m012134,19,351.6215052939442,-1.359571031559934,19,2,0.905
678,A202211102239049m004059,19,339.7707286677807,-0.6831187651026049,19,2,0.747
679,T202211102318020m002240,19,349.50854248346883,-0.3778726045890128,19,2,1.0
680,A202211130341513m142429,20,55.46403101802227,-14.408061432576512,20,2,0.78
681,A202211160341217m160233,21,55.3404955706743,-16.042664377018678,21,2,0.831
682,A202211160342006m172114,21,55.502742457488985,-17.353986590818337,21,2,0.708
683,T202211160339113m164129,21,54.79727013256143,-16.691661380053453,21,2,0.992
684,A202211160315075m134517,21,48.781433589437526,-13.754745084186183,21,2,0.96
685,A202211160331078m161920,21,52.78266078526999,-16.322412586397448,21,2,0.81
686,A202211160314549m151647,21,48.72907719985629,-15.279970412558471,21,2,0.983
687,A202211160300062m164613,21,45.0259428811957,-16.770479249930858,21,3,0.783
688,A202211160316039m141841,21,49.01632936688816,-14.31149312891353,21,2,0.994
689,A202211160311118m164418,21,47.799399140870094,-16.738375222555536,21,2,0.849
690,A202211130327258m140416,20,51.85757478601169,-14.071285184215004,21,2,0.806
691,T202211160302246m165603,21,45.60258779240488,-16.934255722351857,21,2,0.961
692,A202211160259264m154258,21,44.86026509465013,-15.71635865058584,21,2,0.841
693,A202211160341078m164927,21,55.282900082781936,-16.82417968974673,21,3,0.845
694,A202211160313094m140850,21,48.289400985351904,-14.147405474360324,21,2,0.974
695,A202211160343111m162412,21,55.796382769663495,-16.4034893675755,21,3,0.916
696,A202211160301208m173219,21,45.33679227699271,-17.538661964734022,21,2,0.929
697,A202211160300031m152132,21,45.013117009297446,-15.35894210979098,21,3,0.819
698,A202211160311306m150930,21,47.8776803552172,-15.158469262244973,21,2,0.782
699,A202211160303150m160138,21,45.812526648850806,-16.02724434843651,21,3,0.881
700,A202211160300246m162015,21,45.102748410554014,-16.337663897132312,21,3,0.751
701,A202211160330273m160425,21,52.61380256387078,-16.073654690897254,21,2,0.937
702,A202211130327371m161842,20,51.904722698358206,-16.311739539067183,21,5,0.999
703,A202211160339116m154708,21,54.7986240927626,-15.785687941274707,21,2,0.884
704,A202211160329326m163703,21,52.38613659698792,-16.617520409341513,21,2,0.988
705,A202211160325516m163955,21,51.46539748527376,-16.665289319311615,21,2,0.966
706,T202211160342291m173405,21,55.621641985768704,-17.568226954793634,21,2,0.894
707,A202211160341533m173440,21,55.47209652672085,-17.578006765477895,21,2,0.921
708,A202211160311590m153211,21,47.99599794514626,-15.536648930234769,21,2,0.84
709,A202211160314122m140444,21,48.55108676146368,-14.078903506887032,21,2,0.727
710,T202211160300428m145654,21,45.17874271127667,-14.948337997105853,21,2,0.735
711,A202211160301015m160008,21,45.25653547834159,-16.002335110347644,21,2,0.845
712,A202211160301161m161050,21,45.31725599211323,-16.180568435736518,21,2,0.909
713,A202211160310151m142952,21,47.56292068113402,-14.497862984695445,22,2,0.824
714,A202211160302462m155153,21,45.69270895074729,-15.864806092358512,22,2,0.755
715,A202211160328501m171346,21,52.20904690241682,-17.22968382131103,22,2,0.962
716,T202211160344566m163956,21,56.23583967338851,-16.665726777745167,22,2,0.811
717,A202211160342329m173444,21,55.637121555913176,-17.579085487136215,22,3,0.961
718,A202211160316479m144126,21,49.19992891569363,-14.690656774880022,22,3,0.991
719,A202211160315183m151255,21,48.82651048392374,-15.215366482020872,22,3,0.815
720,A202211160336306m164242,21,54.127909020537416,-16.71186132582548,22,2,0.817
721,T202211160338379m162712,21,54.65829288803675,-16.453365893447593,22,4,0.955
722,A202211160305052m163101,21,46.2719074679946,-16.517173923615424,22,2,0.731
723,A202211160328500m173305,21,52.20857800849703,-17.551629215344406,22,3,0.983
724,A202211160304218m162359,21,46.09109884639396,-16.399955022286758,22,2,0.875
725,A202211160302283m161040,21,45.618061440313205,-16.177993145976412,22,5,0.932
726,A202211160327056m162232,21,51.773648313753576,-16.37561973804419,22,3,0.978
727,A202211160316191m143247,21,49.07967720849825,-14.546402095738008,22,2,0.991
728,A202211160325228m152300,21,51.34500199655515,-15.383359545548384,22,4,0.962
729,A202211160330341m145219,21,52.64210817419912,-14.872060302090668,22,3,0.879
730,A202211160312396m142706,21,48.1650453318093,-14.451730712757175,22,3,0.987
731,A202211190315256m140747,22,48.8569327143138,-14.129961075496489,22,2,0.981
732,A202211160329228m161230,21,52.34508263749164,-16.208384101778364,22,2,0.947
733,A202211160343473m163025,21,55.94708742064538,-16.507128571539898,22,3,0.711
734,A202211190326499m140725,22,51.70808537610742,-14.123848886239005,22,2,0.922
735,T202211160323397m161250,21,50.91578028162424,-16.21397547605127,22,3,0.999
736,A202211160325522m154632,21,51.46766300325773,-15.775557912100288,22,3,0.962
737,A202211160301474m170621,21,45.44751817879678,-17.10603854819186,22,3,0.806
738,A202211190330044m140039,22,52.51861964051391,-14.011025926721318,22,2,0.854
739,A202211160329087m162943,21,52.2865871319076,-16.495435595191598,22,2,0.995
740,A202211160325329m143932,21,51.38729040848985,-14.659114514768817,22,2,0.979
741,A202211190339544m171457,22,54.97677666352679,-17.249374604680895,22,2,0.944
742,A202211160317367m165942,21,49.40315077655377,-16.99519037373839,22,4,0.807
743,A202211160301151m172601,21,45.31307153455851,-17.433738016169393,22,3,0.722
744,T202211160325589m143844,21,51.49546104015406,-14.645679882471834,22,2,0.726
745,A202211160328174m153304,21,52.07255065186694,-15.551318168472548,22,3,0.967
746,A202211160347062m145942,21,56.77615268015709,-14.995083895610264,22,5,0.933
747,A202211190325492m145227,22,51.45524998081985,-14.874393114093037,22,2,0.991
748,A202211160329112m154405,21,52.29689249833035,-15.734972647716909,22,2,0.942
749,A202211190315597m142258,22,48.99897305133688,-14.382779653609306,22,2,0.962
750,A202211160315506m145842,21,48.96093601856367,-14.97861056710514,22,3,0.958
751,A202211160342110m135243,21,55.5462059622844,-13.878746605076667,22,3,0.93
752,A202211160314440m163554,21,48.68347765077944,-16.598608579884175,22,2,0.731
753,A202211160325363m161634,21,51.401269660312536,-16.27615534294165,22,3,0.986
754,A202211160326063m160608,21,51.52629363117547,-16.10234771872015,22,2,0.995
755,A202211160328350m135545,21,52.14606204688584,-13.929260544922649,22,3,0.804
756,A202211160259578m161354,21,44.991185678331455,-16.231760758199894,22,2,0.809
757,A202211160327090m172249,21,51.78759436421023,-17.380372410224926,22,4,0.98
758,A202211160337580m145954,21,54.4918211105495,-14.998343403122574,22,2,0.725
759,A202211160302261m164619,21,45.6089702131219,-16.771993288425506,22,2,0.889
760,A202211190328162m151439,22,52.067712967870165,-15.244168915220875,22,2,0.853
761,A202211160314596m145101,21,48.74870827367351,-14.85047549937918,22,2,0.965
762,A202211160325115m143843,21,51.29812251931467,-14.64530891934178,22,2,0.908
763,A202211160315079m152629,21,48.782922328950576,-15.44153078269362,22,4,0.761
764,A202211160325374m154255,21,51.40591846295733,-15.715290424054349,22,2,0.948
765,A202211160325494m161424,21,51.45623601844456,-16.24002267545514,22,3,0.931
766,A202211160329260m161310,21,52.35856189971513,-16.219545414823845,22,3,0.98
767,T202211160343488m150412,21,55.95357425763891,-15.07000412339253,22,2,0.742
768,T202211160323447m163205,21,50.93660807972376,-16.534869184750494,22,3,0.739
769,A202211190350299m152252,22,57.62467639824332,-15.38125562417672,23,3,0.975
770,A202211220325308m171023,23,51.37864889418727,-17.173176867416373,23,2,0.991
771,A202211190328012m134932,22,52.00514478050971,-13.825603965573546,23,4,0.922
772,A202211190328526m155112,22,52.219199366938895,-15.853473426236516,23,3,0.967
773,A202211190328136m143729,22,52.056917261664765,-14.624962747636374,23,3,0.806
774,A202211190343178m145113,22,55.82433706700051,-14.853865845006808,23,3,0.999
775,A202211190340120m160543,22,55.05015145354942,-16.09552027999213,23,2,0.977
776,T202211190342162m164046,22,55.56777303704551,-16.679522816359967,23,4,0.983
777,A202211190325511m151912,22,51.46327889024131,-15.320017375602346,23,3,0.964
778,A202211220315502m141942,23,48.9593878112553,-14.328461025517733,23,3,0.997
779,A202211190322466m143238,22,50.69426361475758,-14.54411320755963,23,2,0.935
780,A202211220340126m151009,23,55.05260895422701,-15.169211299040178,24,2,0.971
781,A202211220337131m164018,23,54.30497025631558,-16.671898207025244,24,2,0.794
782,A202211220337344m161033,23,54.39344348968519,-16.176069826991174,24,2,0.99
783,A202211220340280m143212,23,55.11700732608497,-14.536779495678063,24,2,0.799
784,A202211220340338m152105,23,55.14101634684032,-15.35147871615392,24,2,0.962
785,T202211220347092m161814,23,56.78874511078548,-16.303950583359335,24,2,0.775
786,A202211220342451m141453,23,55.68821224478851,-14.248256606120751,24,2,0.873
787,A202211220342429m140935,23,55.67911172993848,-14.159899505290875,24,2,0.728
788,T202211220343298m141727,23,55.87437586524147,-14.291080918396467,24,2,0.756
789,A202211220327487m160153,23,51.9531280220195,-16.031617614413356,24,2,0.997
790,A202211220338315m152316,23,54.63144144056632,-15.38794988101732,24,2,0.993
791,T202211220312073m153024,23,48.03053862151594,-15.506776733407763,24,3,0.984
792,T202211250337277m171207,24,54.36570970317474,-17.201965069630308,24,2,0.984
793,A202211220329548m160432,23,52.47865748038116,-16.075650361621122,24,2,0.978
794,T202211220342060m162357,23,55.525399770257486,-16.399365820318344,24,2,0.912
795,A202211220342315m141143,23,55.63165777727268,-14.195418958314717,24,2,0.921
796,T202212131039336m060459,25,159.8902826253692,-6.083239520112665,25,2,0.901
797,T202212130326459m163544,25,51.69143438333972,-16.59557343535362,25,2,0.793
798,A202212131051028m061317,25,162.76199533165666,-6.221492381324976,25,2,0.959
799,A202212130330414m141325,25,52.67287665564682,-14.223848201103907,25,2,0.94
800,A202212130347209m160408,25,56.83711259359895,-16.069127743418814,25,3,0.936
801,T202212130300294m142836,25,45.12250065652583,-14.476886144769296,25,3,0.911
802,A202212131054076m072908,25,163.5317366313541,-7.48559248436256,25,2,0.99
803,T202212131052224m080252,25,163.09347050332403,-8.047922191365284,25,2,0.999
