,Candidate,Instrument,Pipeline,Min_Date,Min_MJD,ra,dec,Max_Mag
0,DC21cwlhe,DECam,DECAT_RK,2022-10-02T06:17:16.800,59854.262,35.2062672989983,-4.5087095023339545,22.93
1,DC21cxopf,DECam,DECAT_RK,2022-10-06T05:25:26.400,59858.226,36.21664343283003,-4.203057537529837,21.94
2,DC21cxsgd,DECam,DECAT_RK,2022-10-02T06:21:36.000,59854.265,35.99310741278791,-6.79753675680497,22.45
3,DC21cxsgi,DECam,DECAT_RK,2022-10-02T06:21:36.000,59854.265,34.97566440793141,-6.975368998257104,22.98
4,DC21cxsli,DECam,DECAT_RK,2022-10-02T06:21:36.000,59854.265,35.99381759666869,-7.332503959639396,22.79
5,DC21cyucv,DECam,DECAT_RK,2022-10-23T05:57:07.200,59875.248,36.43406831302109,-3.7239976560194332,22.2
6,DC21cyugz,DECam,DECAT_RK,2022-10-06T05:29:45.600,59858.229,35.724534443161836,-4.396634895167894,22.09
7,DC21dbdrk,DECam,DECAT_RK,2022-10-06T05:25:26.400,59858.226,35.86020595937633,-4.951705988792257,22.19
8,DC21dbdup,DECam,DECAT_RK,2022-10-06T05:34:04.800,59858.232,35.92515268025566,-4.003499946399512,22.64
9,DC21dfhqk,DECam,DECAT_RK,2022-10-23T05:57:07.200,59875.248,35.9459707554928,-4.563291460225195,22.47
10,DC22eadcl,DECam,DECAT_RK,2022-10-23T05:57:07.200,59875.248,35.775232878791506,-4.556666734672058,22.42
11,DC22eafic,DECam,DECAT_RK,2022-10-06T05:15:21.600,59858.219,35.904604124337155,-7.289826002815494,21.65
12,DC22eerot,DECam,DECAT_RK,2022-10-02T06:21:36.000,59854.265,35.097820113091366,-6.833120940954924,21.4
13,DC22iomqd,DECam,DECAT_RK,2022-10-02T06:17:16.800,59854.262,34.51232051204084,-4.528237046084336,23.01
14,DC22iomro,DECam,DECAT_RK,2022-10-02T06:11:31.200,59854.258,34.395384146904505,-4.562325238437066,22.6
15,DC22iomsc,DECam,DECAT_RK,2022-10-02T06:11:31.200,59854.258,34.02049196162092,-4.239341852424133,22.23
16,DC22iomsg,DECam,DECAT_RK,2022-10-02T06:11:31.200,59854.258,34.58364451861893,-4.512347509148108,23.17
17,DC22iomta,DECam,DECAT_RK,2022-10-02T06:11:31.200,59854.258,34.97971336986446,-5.395667339046746,22.64
18,DC22iomtl,DECam,DECAT_RK,2022-10-02T06:11:31.200,59854.258,33.806245360492824,-4.654783255030355,22.56
19,DC22iomuc,DECam,DECAT_RK,2022-10-02T06:11:31.200,59854.258,33.79054906153801,-4.678871022044272,22.59
20,DC22iomug,DECam,DECAT_RK,2022-10-02T06:12:57.600,59854.259,33.71989478845154,-5.436244624397738,22.7
21,DC22iomuk,DECam,DECAT_RK,2022-10-02T06:11:31.200,59854.258,34.150096915956276,-5.028016859244842,22.56
22,DC22iomuz,DECam,DECAT_RK,2022-10-02T06:11:31.200,59854.258,34.398205681627616,-4.13510279676045,22.25
23,DC22iomvf,DECam,DECAT_RK,2022-10-02T06:11:31.200,59854.258,34.074578132849425,-4.172097903324843,22.66
24,DC22iomvx,DECam,DECAT_RK,2022-10-02T06:20:09.600,59854.264,34.493148053514425,-5.650066626476326,22.87
25,DC22iomwe,DECam,DECAT_RK,2022-10-02T06:11:31.200,59854.258,34.17631095175401,-4.985251742393786,22.42
26,DC22iomwg,DECam,DECAT_RK,2022-10-02T06:11:31.200,59854.258,35.11295997570138,-4.992622483778374,22.2
27,DC22iomwk,DECam,DECAT_RK,2022-10-02T06:12:57.600,59854.259,34.39513096349517,-5.448756526614607,22.76
28,DC22iomwm,DECam,DECAT_RK,2022-10-02T06:11:31.200,59854.258,33.90010362638441,-4.570069102950965,22.55
29,DC22iomxl,DECam,DECAT_RK,2022-10-02T06:17:16.800,59854.262,33.855918372261954,-5.512567675080501,23.1
30,DC22iomxn,DECam,DECAT_RK,2022-10-02T06:11:31.200,59854.258,35.33476990310446,-5.390722308064977,22.24
31,DC22iomxr,DECam,DECAT_RK,2022-10-02T06:11:31.200,59854.258,34.47680789985644,-4.0659860160866925,21.63
32,DC22iomxu,DECam,DECAT_RK,2022-10-02T06:11:31.200,59854.258,33.93346213745682,-5.602127988622218,22.38
33,DC22iomxw,DECam,DECAT_RK,2022-10-02T06:11:31.200,59854.258,34.935716823810424,-4.984624644925846,22.57
34,DC22iomyg,DECam,DECAT_RK,2022-10-02T06:11:31.200,59854.258,33.873377536772246,-5.435569691944753,21.77
35,DC22iomym,DECam,DECAT_RK,2022-10-02T06:12:57.600,59854.259,34.444319660713845,-4.830628721959053,22.71
36,DC22iomyo,DECam,DECAT_RK,2022-10-02T06:11:31.200,59854.258,33.94235944380417,-5.646548079039345,21.63
37,DC22iomyv,DECam,DECAT_RK,2022-10-02T06:11:31.200,59854.258,34.86618068423117,-5.108395516044953,22.69
38,DC22iomzb,DECam,DECAT_RK,2022-10-02T06:11:31.200,59854.258,34.69144273817038,-5.468481915976049,22.29
39,DC22iomzu,DECam,DECAT_RK,2022-10-02T06:11:31.200,59854.258,34.53844413273769,-3.9802425330440676,22.79
40,DC22iomzy,DECam,DECAT_RK,2022-10-02T06:11:31.200,59854.258,34.576565139598024,-5.4443500802152816,22.18
41,DC22ionai,DECam,DECAT_RK,2022-10-02T06:11:31.200,59854.258,34.47395676251509,-4.96318793480698,22.65
42,DC22ionar,DECam,DECAT_RK,2022-10-02T06:11:31.200,59854.258,34.88623586414264,-5.2448709203997375,22.88
43,DC22ionas,DECam,DECAT_RK,2022-10-02T06:11:31.200,59854.258,35.16531625810694,-5.491236375888467,22.65
44,DC22ionaz,DECam,DECAT_RK,2022-10-02T06:12:57.600,59854.259,34.11999428855449,-5.616026493177075,22.05
45,DC22ionbc,DECam,DECAT_RK,2022-10-02T06:11:31.200,59854.258,34.9115708771517,-5.184316450040415,22.6
46,DC22ionbn,DECam,DECAT_RK,2022-10-02T06:11:31.200,59854.258,34.77331868527591,-5.2453723379300525,22.75
47,DC22ionca,DECam,DECAT_RK,2022-10-02T06:14:24.000,59854.26,34.97321614859545,-5.12365261248422,23.23
48,DC22ioncb,DECam,DECAT_RK,2022-10-02T06:14:24.000,59854.26,33.96304142031663,-5.24302802064089,22.24
49,DC22ioncg,DECam,DECAT_RK,2022-10-02T06:11:31.200,59854.258,34.57163762074287,-5.04965341774912,22.74
50,DC22ionci,DECam,DECAT_RK,2022-10-02T06:11:31.200,59854.258,34.58494132389915,-4.786400673420693,22.2
51,DC22ioncz,DECam,DECAT_RK,2022-10-02T06:11:31.200,59854.258,34.533732918060736,-4.703324003121065,21.76
52,DC22iondf,DECam,DECAT_RK,2022-10-02T06:11:31.200,59854.258,34.142532988440514,-4.388911966564296,22.43
53,DC22iondj,DECam,DECAT_RK,2022-10-02T06:11:31.200,59854.258,34.87274595807122,-4.56753583719776,22.36
54,DC22iondo,DECam,DECAT_RK,2022-10-02T06:11:31.200,59854.258,33.98497503861107,-5.120487574865684,21.17
55,DC22ioneo,DECam,DECAT_RK,2022-10-02T06:14:24.000,59854.26,34.93054128814025,-3.9851153524740237,22.5
56,DC22ionev,DECam,DECAT_RK,2022-10-02T06:11:31.200,59854.258,34.175289731568355,-4.314749955055965,22.36
57,DC22ionfg,DECam,DECAT_RK,2022-10-02T06:14:24.000,59854.26,34.068296368443356,-5.1800135997513,22.43
58,DC22ionfw,DECam,DECAT_RK,2022-10-02T06:12:57.600,59854.259,33.77022625884642,-5.282708048659385,22.28
59,DC22iongd,DECam,DECAT_RK,2022-10-02T06:12:57.600,59854.259,34.197857464118925,-4.418507534175481,22.21
60,DC22iongi,DECam,DECAT_RK,2022-10-02T06:12:57.600,59854.259,33.81801614159967,-5.325386329350465,22.6
61,DC22iongy,DECam,DECAT_RK,2022-10-02T06:12:57.600,59854.259,34.75667031683417,-4.4273731910748335,21.74
62,DC22ionha,DECam,DECAT_RK,2022-10-06T05:11:02.400,59858.216,35.010962705112114,-4.861131029931617,22.59
63,DC22ionhh,DECam,DECAT_RK,2022-10-02T06:12:57.600,59854.259,34.25666347920788,-4.325713697668014,22.95
64,DC22ionhk,DECam,DECAT_RK,2022-10-02T06:11:31.200,59854.258,34.764545326229666,-4.659735372893068,21.99
65,DC22ionie,DECam,DECAT_RK,2022-10-02T06:12:57.600,59854.259,34.82176744157363,-4.36156417410293,22.19
66,DC22ionjg,DECam,DECAT_RK,2022-10-02T06:17:16.800,59854.262,33.431145571766216,-4.818848151745948,23.64
67,DC22ionjl,DECam,DECAT_RK,2022-10-02T06:14:24.000,59854.26,35.068066031822845,-4.406156669145333,23.36
68,DC22ionjw,DECam,DECAT_RK,2022-10-02T06:11:31.200,59854.258,35.192612200781355,-4.354224246949241,22.77
69,DC22ionkr,DECam,DECAT_RK,2022-10-02T06:11:31.200,59854.258,34.382114662929496,-4.027977682811365,22.34
70,DC22ionlb,DECam,DECAT_RK,2022-10-02T06:11:31.200,59854.258,34.09282292928639,-5.340961556624774,22.66
71,DC22ionlf,DECam,DECAT_RK,2022-10-02T06:11:31.200,59854.258,34.271276925391696,-5.274829747934526,22.88
72,DC22ionlu,DECam,DECAT_RK,2022-10-02T06:14:24.000,59854.26,34.001499425253186,-4.641514385646841,20.76
73,DC22ionnf,DECam,DECAT_RK,2022-10-02T06:12:57.600,59854.259,34.489648602191394,-4.849820623845206,22.94
74,DC22ionnn,DECam,DECAT_RK,2022-10-02T06:11:31.200,59854.258,34.80546975646122,-5.448990891790413,22.18
75,DC22ionoa,DECam,DECAT_RK,2022-10-02T06:15:50.400,59854.261,33.605500675381585,-4.838460055995735,23.16
76,DC22ionrr,DECam,DECAT_RK,2022-10-02T06:11:31.200,59854.258,34.127374373440134,-5.068023066557446,22.31
77,DC22ionsl,DECam,DECAT_RK,2022-10-02T06:21:36.000,59854.265,35.37833578104368,-6.21612712962571,22.52
78,DC22ionst,DECam,DECAT_RK,2022-10-02T06:21:36.000,59854.265,35.5503183544453,-5.4680584588320045,22.3
79,DC22ionta,DECam,DECAT_RK,2022-10-02T06:12:57.600,59854.259,34.89473696993713,-5.107753247683511,22.5
80,DC22ionuj,DECam,DECAT_RK,2022-10-02T06:21:36.000,59854.265,36.213485991121374,-6.352342087291469,23.03
81,DC22ionum,DECam,DECAT_RK,2022-10-23T05:38:24.000,59875.235,34.05783760532215,-4.1408943073306546,23.27
82,DC22ionur,DECam,DECAT_RK,2022-10-02T06:21:36.000,59854.265,36.0445841941822,-5.968027960378263,22.8
83,DC22ionuu,DECam,DECAT_RK,2022-10-02T06:21:36.000,59854.265,35.410415695645966,-6.262752858211675,22.42
84,DC22ionvi,DECam,DECAT_RK,2022-10-02T06:21:36.000,59854.265,36.25069982746042,-6.276548459991591,22.57
85,DC22ionvl,DECam,DECAT_RK,2022-10-02T06:11:31.200,59854.258,34.072312220836054,-4.1773190384527625,23.24
86,DC22ionvn,DECam,DECAT_RK,2022-10-02T06:21:36.000,59854.265,34.820517790816155,-6.181452279123026,22.0
87,DC22ionwd,DECam,DECAT_RK,2022-10-02T06:21:36.000,59854.265,36.507276239020584,-6.70162806597643,22.6
88,DC22ionwi,DECam,DECAT_RK,2022-10-02T06:21:36.000,59854.265,35.9826539983469,-7.034914063240779,23.16
89,DC22ionwr,DECam,DECAT_RK,2022-10-02T06:21:36.000,59854.265,36.37595987388868,-6.360723832953605,22.45
90,DC22ionxg,DECam,DECAT_RK,2022-10-02T06:21:36.000,59854.265,35.6876967574297,-6.471783316715882,22.93
91,DC22ionym,DECam,DECAT_RK,2022-10-02T06:21:36.000,59854.265,36.32684476890714,-6.427994047419464,21.74
92,DC22ionyt,DECam,DECAT_RK,2022-10-02T06:21:36.000,59854.265,34.724301481763106,-6.480082718238594,22.26
93,DC22ionzl,DECam,DECAT_RK,2022-10-02T06:21:36.000,59854.265,34.79280923873103,-6.6332280908212,22.36
94,DC22iooaa,DECam,DECAT_RK,2022-10-02T06:21:36.000,59854.265,36.55329068085258,-6.497610370442391,22.17
95,DC22iooag,DECam,DECAT_RK,2022-10-02T06:21:36.000,59854.265,35.76322221936133,-6.864656235747176,22.58
96,DC22iooam,DECam,DECAT_RK,2022-10-02T06:21:36.000,59854.265,34.83826374127958,-6.612252383928124,21.64
97,DC22ioobu,DECam,DECAT_RK,2022-10-02T06:21:36.000,59854.265,35.55168017301872,-6.212867068559003,22.02
98,DC22ioodx,DECam,DECAT_RK,2022-10-02T06:21:36.000,59854.265,35.60621874644843,-6.103867351855993,22.4
99,DC22iooem,DECam,DECAT_RK,2022-10-02T06:21:36.000,59854.265,35.34672706313309,-7.254128744243686,22.09
100,DC22ioofb,DECam,DECAT_RK,2022-10-02T06:21:36.000,59854.265,34.899074523096814,-6.707601447296801,22.37
101,DC22ioofj,DECam,DECAT_RK,2022-10-02T06:23:02.400,59854.266,36.25428595812541,-6.663185437698125,22.48
102,DC22ioofx,DECam,DECAT_RK,2022-10-02T06:21:36.000,59854.265,35.71618256056448,-5.885773798607173,22.01
103,DC22ioogo,DECam,DECAT_RK,2022-10-02T06:12:57.600,59854.259,34.96879271133655,-4.8806052888828235,22.56
104,DC22ioogy,DECam,DECAT_RK,2022-10-23T05:38:24.000,59875.235,34.19688008273135,-4.674957455766219,22.76
105,DC22ioohx,DECam,DECAT_RK,2022-10-02T06:11:31.200,59854.258,34.52998121809757,-5.622957891987359,22.59
106,DC22iooiu,DECam,DECAT_RK,2022-10-02T06:14:24.000,59854.26,35.05457028033352,-4.853906452739211,20.18
107,DC22ioojc,DECam,DECAT_RK,2022-10-02T06:11:31.200,59854.258,34.15562347058489,-5.855372083506174,22.19
108,DC22ioojw,DECam,DECAT_RK,2022-10-02T06:21:36.000,59854.265,35.447641776528634,-7.313217113215299,22.87
109,DC22iookh,DECam,DECAT_RK,2022-10-02T06:21:36.000,59854.265,35.71044647110862,-6.170997467315554,22.22
110,DC22iooko,DECam,DECAT_RK,2022-10-02T06:21:36.000,59854.265,35.2661170378219,-6.482239890824838,21.56
111,DC22iookw,DECam,DECAT_RK,2022-10-23T05:47:02.400,59875.241,36.01188761479748,-6.869733912231016,21.32
112,DC22ioold,DECam,DECAT_RK,2022-10-02T06:11:31.200,59854.258,34.58893401035379,-4.18044037108185,22.52
113,DC22ioolp,DECam,DECAT_RK,2022-10-02T06:21:36.000,59854.265,35.17464634662762,-6.111193874053856,22.87
114,DC22ioomm,DECam,DECAT_RK,2022-10-02T06:21:36.000,59854.265,36.13728331592435,-6.200795900955942,21.63
115,DC22ioomy,DECam,DECAT_RK,2022-10-02T06:21:36.000,59854.265,35.524004394937315,-5.639964395063319,22.39
116,DC22ioonf,DECam,DECAT_RK,2022-10-02T06:23:02.400,59854.266,35.0616733245349,-6.726512242093401,21.78
117,DC22ioonu,DECam,DECAT_RK,2022-10-02T06:21:36.000,59854.265,35.54413002669221,-5.610525930811025,21.51
118,DC22ioopk,DECam,DECAT_RK,2022-10-02T06:21:36.000,59854.265,35.171643210648256,-5.8444256529378,21.65
119,DC22ioopr,DECam,DECAT_RK,2022-10-02T06:21:36.000,59854.265,36.11522612788185,-5.781657177153739,22.09
120,DC22iooqf,DECam,DECAT_RK,2022-10-02T06:21:36.000,59854.265,35.946684246909555,-6.170167757930347,22.99
121,DC22iooql,DECam,DECAT_RK,2022-10-02T06:21:36.000,59854.265,35.75445439152856,-6.342100223495249,22.82
122,DC22iooqp,DECam,DECAT_RK,2022-10-02T06:21:36.000,59854.265,35.84156454579996,-6.317261831292752,22.73
123,DC22iooqx,DECam,DECAT_RK,2022-10-02T06:21:36.000,59854.265,35.60125803603861,-5.719424709961044,21.99
124,DC22ioorb,DECam,DECAT_RK,2022-10-02T06:21:36.000,59854.265,35.597570327265295,-5.648240053007262,21.84
125,DC22ioosp,DECam,DECAT_RK,2022-10-02T06:14:24.000,59854.26,34.794074296140344,-5.854114833323715,21.07
126,DC22iooug,DECam,DECAT_RK,2022-10-02T06:14:24.000,59854.26,34.88791598385858,-4.488078418608846,21.54
127,DC22iooyu,DECam,DECAT_RK,2022-10-02T06:21:36.000,59854.265,36.18912995952978,-6.932451684693947,22.9
128,DC22ioozx,DECam,DECAT_RK,2022-10-02T06:21:36.000,59854.265,35.32755435344664,-6.939670479711604,21.29
129,DC22iopbb,DECam,DECAT_RK,2022-10-02T06:21:36.000,59854.265,34.60595697082372,-6.523675498727407,22.41
130,DC22iopbj,DECam,DECAT_RK,2022-10-06T05:15:21.600,59858.219,35.47586992915464,-6.328235439044025,20.31
131,DC22iopdh,DECam,DECAT_RK,2022-10-02T06:14:24.000,59854.26,35.10035734160361,-4.952687542953007,21.74
132,DC22iopeb,DECam,DECAT_RK,2022-10-02T06:17:16.800,59854.262,35.10320857483533,-5.042068944757453,21.45
133,DC22iopfn,DECam,DECAT_RK,2022-10-02T06:21:36.000,59854.265,35.84477314950747,-6.5375111341368495,23.74
134,DC22iopkv,DECam,DECAT_RK,2022-10-02T06:17:16.800,59854.262,33.99013675686337,-4.836001343572781,21.87
135,DC22iopln,DECam,DECAT_RK,2022-10-02T06:20:09.600,59854.264,34.60581832322327,-4.375766467027572,23.08
136,DC22iopmn,DECam,DECAT_RK,2022-10-02T06:14:24.000,59854.26,33.75094910937382,-4.502103876622819,20.51
137,DC22iopnb,DECam,DECAT_RK,2022-10-23T05:48:28.800,59875.242,36.33756584543051,-6.485680719208849,22.22
138,DC22iopoi,DECam,DECAT_RK,2022-10-02T06:21:36.000,59854.265,35.84046301594219,-5.723938526692707,22.44
139,DC22ioppe,DECam,DECAT_RK,2022-10-06T05:21:07.200,59858.223,36.38607629891219,-6.536291509252289,22.68
140,DC22ioppo,DECam,DECAT_RK,2022-10-02T06:17:16.800,59854.262,34.33106336302998,-5.384831449168624,20.94
141,DC22ioppt,DECam,DECAT_RK,2022-10-06T05:15:21.600,59858.219,36.13634989340005,-6.645111923401532,19.71
142,DC22iopre,DECam,DECAT_RK,2022-10-02T06:23:02.400,59854.266,34.92934949043193,-6.687100995767523,22.76
143,DC22iopsc,DECam,DECAT_RK,2022-10-08T04:36:28.800,59860.192,35.81255890103524,-6.324556350387538,21.21
144,DC22iopsl,DECam,DECAT_RK,2022-10-02T06:17:16.800,59854.262,34.29285079663703,-4.195254479952471,21.47
145,DC22iopsn,DECam,DECAT_RK,2022-10-02T06:14:24.000,59854.26,34.128663575546476,-4.347643339751164,20.67
146,DC22ioptt,DECam,DECAT_RK,2022-10-02T06:17:16.800,59854.262,34.53484814221755,-5.46771400509801,22.3
147,DC22iopvn,DECam,DECAT_RK,2022-10-02T06:14:24.000,59854.26,34.55808950346715,-4.878088970136299,22.51
148,DC22iopwe,DECam,DECAT_RK,2022-10-06T05:29:45.600,59858.229,36.799187325095886,-4.843901808543005,21.93
149,DC22iopwg,DECam,DECAT_RK,2022-10-02T06:17:16.800,59854.262,34.613521754225644,-4.915747169422467,20.6
150,DC22iopwt,DECam,DECAT_RK,2022-10-23T05:57:07.200,59875.248,37.14628704807915,-4.194304951892823,22.17
151,DC22iopxh,DECam,DECAT_RK,2022-10-06T05:29:45.600,59858.229,36.570474625533535,-5.364692728995341,22.04
152,DC22iopxl,DECam,DECAT_RK,2022-10-06T05:25:26.400,59858.226,36.89893249033509,-4.3077512277930525,22.16
153,DC22iopxt,DECam,DECAT_RK,2022-10-23T05:57:07.200,59875.248,37.11623269608378,-5.044600752574151,22.19
154,DC22iopyn,DECam,DECAT_RK,2022-10-23T05:57:07.200,59875.248,36.61417486564352,-4.953006006456047,22.39
155,DC22iopys,DECam,DECAT_RK,2022-10-02T06:21:36.000,59854.265,35.93269173179215,-6.293969852543475,23.41
156,DC22iopze,DECam,DECAT_RK,2022-10-23T05:57:07.200,59875.248,37.27244036770421,-4.708497719072545,22.04
157,DC22iopzh,DECam,DECAT_RK,2022-10-23T05:57:07.200,59875.248,36.975381526645215,-4.4047715819187365,22.96
158,DC22iopzz,DECam,DECAT_RK,2022-10-23T05:57:07.200,59875.248,36.060928866499765,-5.247176198373031,22.7
159,DC22ioqbt,DECam,DECAT_RK,2022-10-23T05:57:07.200,59875.248,37.10051230694967,-4.885557513129622,22.64
160,DC22ioqcd,DECam,DECAT_RK,2022-10-06T05:25:26.400,59858.226,36.936152583133506,-4.1530733386733525,21.49
161,DC22ioqcp,DECam,DECAT_RK,2022-10-06T05:31:12.000,59858.23,36.20121838322258,-5.350031680319256,22.41
162,DC22ioqcy,DECam,DECAT_RK,2022-10-06T05:25:26.400,59858.226,37.38141593953603,-4.7492472062262445,21.12
163,DC22ioqdo,DECam,DECAT_RK,2022-10-06T05:32:38.400,59858.231,37.10112264658136,-4.860361549782923,22.51
164,DC22ioqdx,DECam,DECAT_RK,2022-10-23T05:57:07.200,59875.248,36.2208677096652,-5.32890556652679,22.92
165,DC22ioqeb,DECam,DECAT_RK,2022-10-02T06:14:24.000,59854.26,33.80947325934166,-5.555934479112614,21.63
166,DC22ioqfv,DECam,DECAT_RK,2022-10-02T06:17:16.800,59854.262,34.844383212862375,-4.6826681681826905,22.86
167,DC22ioqgh,DECam,DECAT_RK,2022-10-23T05:57:07.200,59875.248,36.153785326137,-4.785922668987165,22.56
168,DC22ioqhq,DECam,DECAT_RK,2022-10-06T05:25:26.400,59858.226,36.7831000407392,-5.566274027291562,22.04
169,DC22ioqij,DECam,DECAT_RK,2022-10-08T04:40:48.000,59860.195,37.008984910404244,-4.136239744032553,22.01
170,DC22ioqiy,DECam,DECAT_RK,2022-10-23T05:57:07.200,59875.248,37.166601642670386,-4.8021120917928615,22.28
171,DC22ioqjz,DECam,DECAT_RK,2022-10-06T05:25:26.400,59858.226,36.5269846327962,-3.823258917370061,22.04
172,DC22ioqkp,DECam,DECAT_RK,2022-10-23T05:57:07.200,59875.248,35.87561783292064,-4.501147352333688,22.59
173,DC22ioqlc,DECam,DECAT_RK,2022-10-23T05:57:07.200,59875.248,36.37858959701009,-5.180634047979236,22.68
174,DC22ioqlh,DECam,DECAT_RK,2022-10-23T05:57:07.200,59875.248,36.692729546156215,-4.865408388364526,22.08
175,DC22ioqmg,DECam,DECAT_RK,2022-10-23T05:57:07.200,59875.248,36.63696009862499,-4.405918963674475,22.38
176,DC22ioqmu,DECam,DECAT_RK,2022-10-06T05:25:26.400,59858.226,36.38431168000472,-5.218219886711797,22.38
177,DC22ioqol,DECam,DECAT_RK,2022-10-06T05:29:45.600,59858.229,36.320304445675866,-4.207834343628261,22.65
178,DC22ioqoo,DECam,DECAT_RK,2022-10-06T05:25:26.400,59858.226,36.12131640267659,-4.968804676552633,21.59
179,DC22ioqqz,DECam,DECAT_RK,2022-10-06T05:25:26.400,59858.226,36.33650563233272,-4.212986386752692,22.04
180,DC22ioqrd,DECam,DECAT_RK,2022-10-23T05:57:07.200,59875.248,36.08733056118195,-4.9635704267084915,22.47
181,DC22ioqrt,DECam,DECAT_RK,2022-10-23T05:57:07.200,59875.248,36.51711781758283,-4.6651997802307585,22.75
182,DC22ioqsm,DECam,DECAT_RK,2022-10-23T05:57:07.200,59875.248,36.44567836628616,-5.245257124073281,22.83
183,DC22ioqsq,DECam,DECAT_RK,2022-10-23T05:57:07.200,59875.248,35.94177719168938,-5.215000777920083,22.86
184,DC22ioqud,DECam,DECAT_RK,2022-10-06T05:25:26.400,59858.226,36.828549928311624,-4.526120893749926,21.74
185,DC22ioquo,DECam,DECAT_RK,2022-10-02T06:14:24.000,59854.26,35.25048878221911,-4.4820271826655995,21.85
186,DC22ioqvt,DECam,DECAT_RK,2022-10-02T06:14:24.000,59854.26,35.023176433962966,-5.157976634031237,21.29
187,DC22ioqwy,DECam,DECAT_RK,2022-10-02T06:21:36.000,59854.265,34.9393466043525,-6.355726790248904,21.49
188,DC22ioqxc,DECam,DECAT_RK,2022-10-06T05:15:21.600,59858.219,35.06243724920518,-6.3814284515380075,21.95
189,DC22ioqyn,DECam,DECAT_RK,2022-10-02T06:21:36.000,59854.265,35.40519410688944,-5.941259452096251,22.18
190,DC22ioqyx,DECam,DECAT_RK,2022-10-06T05:15:21.600,59858.219,35.31615757420474,-6.371546523075006,20.3
191,DC22iordp,DECam,DECAT_RK,2022-10-06T05:21:07.200,59858.223,36.280964956045445,-6.386535911462037,20.14
192,DC22ioree,DECam,DECAT_RK,2022-10-02T06:21:36.000,59854.265,34.91635763827201,-6.23532571075933,21.3
193,DC22iorfs,DECam,DECAT_RK,2022-10-06T05:24:00.000,59858.225,36.50445870001484,-6.892535895883615,21.91
194,DC22iorgi,DECam,DECAT_RK,2022-10-02T06:21:36.000,59854.265,35.67666379380875,-6.4488861864758285,22.43
195,DC22iorgj,DECam,DECAT_RK,2022-10-06T05:21:07.200,59858.223,35.095256357925926,-6.561992315050082,20.11
196,DC22iorhk,DECam,DECAT_RK,2022-10-02T06:21:36.000,59854.265,36.35987353938405,-6.3157941820901575,23.24
197,DC22iorjq,DECam,DECAT_RK,2022-10-06T05:15:21.600,59858.219,35.39313150188945,-6.494938588489083,21.28
198,DC22iorkx,DECam,DECAT_RK,2022-10-06T05:21:07.200,59858.223,35.602965084416866,-5.817559077155913,22.01
199,DC22iornf,DECam,DECAT_RK,2022-10-06T05:15:21.600,59858.219,34.7756201205721,-6.500293238998746,20.35
200,DC22iorpj,DECam,DECAT_RK,2022-10-06T05:21:07.200,59858.223,35.86490508574112,-5.5527426095210375,20.13
201,DC22iorrq,DECam,DECAT_RK,2022-10-06T05:29:45.600,59858.229,35.623357080788615,-4.828334743887909,22.62
202,DC22iorsb,DECam,DECAT_RK,2022-10-06T05:31:12.000,59858.23,36.95197157027709,-4.915650193069348,23.12
203,DC22ioruj,DECam,DECAT_RK,2022-10-23T06:01:26.400,59875.251,36.698823002626575,-4.241925634578836,22.54
204,DC22iorvu,DECam,DECAT_RK,2022-10-06T05:25:26.400,59858.226,36.63256037856296,-4.857659067043931,21.5
205,DC22iorxx,DECam,DECAT_RK,2022-10-02T06:21:36.000,59854.265,36.09459293611475,-6.432435822655418,22.73
206,DC22iorym,DECam,DECAT_RK,2022-10-06T05:31:12.000,59858.23,35.87199759760834,-4.914414520859828,21.67
207,DC22iosac,DECam,DECAT_RK,2022-10-23T06:01:26.400,59875.251,35.95537838377013,-5.29640091593505,22.76
208,DC22iosal,DECam,DECAT_RK,2022-10-06T05:15:21.600,59858.219,35.697392908772116,-6.173490832908962,19.31
209,DC22iosdn,DECam,DECAT_RK,2022-10-06T05:29:45.600,59858.229,37.181350881922555,-4.207247221529965,21.9
210,DC22iosdv,DECam,DECAT_RK,2022-10-06T05:29:45.600,59858.229,36.588834785835125,-3.7390877189303917,22.32
211,DC22ioshv,DECam,DECAT_RK,2022-10-06T05:25:26.400,59858.226,36.84915588429423,-4.037473226084981,21.28
212,DC22iosin,DECam,DECAT_RK,2022-10-06T05:26:52.800,59858.227,36.920753339047934,-3.8821595118674304,21.11
213,DC22iosmb,DECam,DECAT_RK,2022-10-06T05:25:26.400,59858.226,35.73285093632835,-5.231016600063038,20.99
214,DC22iosqu,DECam,DECAT_RK,2022-10-08T04:40:48.000,59860.195,36.903992098541664,-4.959331799235738,20.84
215,DC22iosyw,DECam,DECAT_RK,2022-10-02T06:11:31.200,59854.258,34.310541380260574,-4.005864250871529,21.95
216,DC22iouop,DECam,DECAT_RK,2022-10-02T06:15:50.400,59854.261,35.03637181710226,-4.984827207782205,22.26
217,DC22iouwn,DECam,DECAT_RK,2022-10-02T06:17:16.800,59854.262,33.41724217458338,-5.030386230935929,19.57
218,DC22iovfa,DECam,DECAT_RK,2022-10-06T05:16:48.000,59858.22,36.25756260836602,-6.469232173362814,21.35
219,DC22iovsu,DECam,DECAT_RK,2022-10-06T05:16:48.000,59858.22,35.702709118937236,-5.881232253734065,21.56
220,DC22iowku,DECam,DECAT_RK,2022-10-06T05:21:07.200,59858.223,35.64768802978607,-5.782488922403327,21.63
221,DC22ioxed,DECam,DECAT_RK,2022-10-06T05:25:26.400,59858.226,36.53231604992063,-4.311984453512455,21.72
222,DC22ioxrf,DECam,DECAT_RK,2022-10-06T05:21:07.200,59858.223,36.055832754828415,-5.456906241598145,21.9
223,DC22ipald,DECam,DECAT_RK,2022-10-06T05:15:21.600,59858.219,35.81047706745726,-6.003671009186702,20.58
224,DC22ipcpy,DECam,DECAT_RK,2022-10-06T05:25:26.400,59858.226,37.11744130405378,-4.01232230014685,19.6
225,DC22ipemi,DECam,DECAT_RK,2022-10-06T05:06:43.200,59858.213,35.3522068857597,-5.034807628121008,21.41
226,DC22ipezr,DECam,DECAT_RK,2022-10-02T06:11:31.200,59854.258,34.798988177435405,-4.474553541211533,21.68
227,DC22ipfqi,DECam,DECAT_RK,2022-10-02T06:11:31.200,59854.258,33.62204156000811,-5.2957382357212115,22.09
228,DC22ipiyx,DECam,DECAT_RK,2022-10-06T05:21:07.200,59858.223,35.61777043336422,-6.096582363181128,21.21
229,DC22iplow,DECam,DECAT_RK,2022-10-06T05:05:16.800,59858.212,34.32734019609187,-5.044393183783273,21.82
230,DC22ipodk,DECam,DECAT_RK,2022-10-02T06:23:02.400,59854.266,35.38970218920211,-5.763527384308617,21.52
231,DC22ipoyi,DECam,DECAT_RK,2022-10-02T06:21:36.000,59854.265,35.12960086920804,-6.422047509337224,22.5
232,DC22ippfj,DECam,DECAT_RK,2022-10-02T06:21:36.000,59854.265,35.88423018679756,-5.764088979428174,22.11
233,DC22ipqfu,DECam,DECAT_RK,2022-10-06T05:25:26.400,59858.226,36.87180787179069,-4.54108679426339,22.23
234,DC22ipqsx,DECam,DECAT_RK,2022-10-06T05:29:45.600,59858.229,36.71882726260825,-5.10559667360972,21.22
235,DC22ipsmu,DECam,DECAT_RK,2022-10-02T06:11:31.200,59854.258,34.93032535376616,-5.435523083054954,22.46
